verdict,line,operator,type,from,to,ref,excessKm,ratio,lat,lng,reason
"אמיתי","20","תנופה","detour","צומת שערי תקווה","מסוף אורנית","17","5.176","2.8","32.11623","35.02488","המסלול מתקדם ואז חוזר 2058 מ' לאחור על צירו (לולאה/הלוך-חזור) בין ""צומת שערי תקווה"" ל-""מסוף אורנית"", בעוד קו 17 עובר ישר — נסיעה כפולה על אותו כביש, עיקוף אמיתי. המדידה מתחילה מתחנת-התקלה, ללא תלות בכיוון-ההגעה הקודם."
"אמיתי","442","דן בדרום","detour","צומת ניר משה ניר עקיבא","מחלף קמה לצפון","496","4.425","1.36","31.44782","34.6517","המסלול מתקדם ואז חוזר 1117 מ' לאחור על צירו (לולאה/הלוך-חזור) בין ""צומת ניר משה ניר עקיבא"" ל-""מחלף קמה לצפון"", בעוד קו 496 עובר ישר — נסיעה כפולה על אותו כביש, עיקוף אמיתי. המדידה מתחילה מתחנת-התקלה, ללא תלות בכיוון-ההגעה הקודם."
"אמיתי","832","אגד","detour","מסעף גבע","צומת יזרעאל","853","3.304","1.72","32.55778","35.36643","המסלול מתקדם ואז חוזר 1226 מ' לאחור על צירו (לולאה/הלוך-חזור) בין ""מסעף גבע"" ל-""צומת יזרעאל"", בעוד קו 853 עובר ישר — נסיעה כפולה על אותו כביש, עיקוף אמיתי. המדידה מתחילה מתחנת-התקלה, ללא תלות בכיוון-ההגעה הקודם."
"אמיתי","31","נתיב אקספרס","detour","אכזיב/מולר","צומת גשר הזיו","24","3.258","7.98","33.04223","35.10669","המסלול מתקדם ואז חוזר 299 מ' לאחור על צירו (לולאה/הלוך-חזור) בין ""אכזיב/מולר"" ל-""צומת גשר הזיו"", בעוד קו 24 עובר ישר — נסיעה כפולה על אותו כביש, עיקוף אמיתי. המדידה מתחילה מתחנת-התקלה, ללא תלות בכיוון-ההגעה הקודם."
"אמיתי","281","נתיב אקספרס","detour","מסעף סאסא","מסעף בית ספר מירון","75","2.424","3.03","33.02427","35.39035","סטייה של 2.4 ק""מ במקטע אחד מול קו 75 (יחס פי 3.03) — מסלול עוקף ממשי, עיקוף אמיתי."
"לא ניתן להשוואה","85","נתיב אקספרס","detour","שפרינצק/קרן היסוד","אצ''ל/צה''ל","88","2.405","4.98","32.95849","35.49424","לא ניתן להשוואה — קו 88 מתחיל/מסיים את מסלולו באחת התחנות (תחנת-קצה), ולכן אינו מסדרון-מעבר תקף: הוא עושה משם קפיצה ישירה קצרה, בעוד הקו הנבדק עשוי לבצע לולאת-שירות לגיטימית באמצע מסלולו. אין בסיס להשוואת מרחקים."
"אמיתי","42","נתיב אקספרס","detour","ת. מרכזית נהריה/רציפים","צומת נהריה","37","2.369","5.24","33.0055","35.09734","המסלול מתקדם ואז חוזר 169 מ' לאחור על צירו (לולאה/הלוך-חזור) בין ""ת. מרכזית נהריה/רציפים"" ל-""צומת נהריה"", בעוד קו 37 עובר ישר — נסיעה כפולה על אותו כביש, עיקוף אמיתי. המדידה מתחילה מתחנת-התקלה, ללא תלות בכיוון-ההגעה הקודם."
"אמיתי","97","אגד","detour","זמיר","זמיר/סמטת טווס","1א","2.163","12.44","32.89859","35.28561","סטייה של 2.2 ק""מ במקטע אחד מול קו 1א (יחס פי 12.44) — מסלול עוקף ממשי, עיקוף אמיתי."
"אמיתי","84","אגד","detour","זמיר","זמיר/סמטת טווס","1א","2.163","12.44","32.89859","35.28561","סטייה של 2.2 ק""מ במקטע אחד מול קו 1א (יחס פי 12.44) — מסלול עוקף ממשי, עיקוף אמיתי."
"אמיתי","24","אגד","detour","שדרות בן גוריון/הכרכום","שדרות בן גוריון/דרך מנחם בגין","2","1.84","4.49","32.5871","34.95145","המסלול מתקדם ואז חוזר 521 מ' לאחור על צירו (לולאה/הלוך-חזור) בין ""שדרות בן גוריון/הכרכום"" ל-""שדרות בן גוריון/דרך מנחם בגין"", בעוד קו 2 עובר ישר — נסיעה כפולה על אותו כביש, עיקוף אמיתי. המדידה מתחילה מתחנת-התקלה, ללא תלות בכיוון-ההגעה הקודם."
"לא ניתן להשוואה","92","נתיב אקספרס","detour","אצ''ל/דרך הרב חיים חורי","שפרינצק/קרן היסוד","85","1.757","5.71","32.95846","35.49289","לא ניתן להשוואה — קו 85 מתחיל/מסיים את מסלולו באחת התחנות (תחנת-קצה), ולכן אינו מסדרון-מעבר תקף: הוא עושה משם קפיצה ישירה קצרה, בעוד הקו הנבדק עשוי לבצע לולאת-שירות לגיטימית באמצע מסלולו. אין בסיס להשוואת מרחקים."
"לא ניתן להשוואה","92","נתיב אקספרס","detour","אצ''ל/דרך הרב חיים חורי","שפרינצק/קרן היסוד","85","1.757","5.71","32.95846","35.49289","לא ניתן להשוואה — קו 85 מתחיל/מסיים את מסלולו באחת התחנות (תחנת-קצה), ולכן אינו מסדרון-מעבר תקף: הוא עושה משם קפיצה ישירה קצרה, בעוד הקו הנבדק עשוי לבצע לולאת-שירות לגיטימית באמצע מסלולו. אין בסיס להשוואת מרחקים."
"לא ניתן להשוואה","34","ש.א.מ","detour","דליה/כליל החורש","דליה/הגומא","340","1.687","6.55","32.72969","35.33081","לא ניתן להשוואה — קו 340 מתחיל/מסיים את מסלולו באחת התחנות (תחנת-קצה), ולכן אינו מסדרון-מעבר תקף: הוא עושה משם קפיצה ישירה קצרה, בעוד הקו הנבדק עשוי לבצע לולאת-שירות לגיטימית באמצע מסלולו. אין בסיס להשוואת מרחקים."
"לא ניתן להשוואה","36","ש.א.מ","detour","דליה/כליל החורש","דליה/הגומא","340","1.508","5.96","32.72969","35.33081","לא ניתן להשוואה — קו 340 מתחיל/מסיים את מסלולו באחת התחנות (תחנת-קצה), ולכן אינו מסדרון-מעבר תקף: הוא עושה משם קפיצה ישירה קצרה, בעוד הקו הנבדק עשוי לבצע לולאת-שירות לגיטימית באמצע מסלולו. אין בסיס להשוואת מרחקים."
"לא ניתן להשוואה","23","אגד","detour","השמורה/הפנינה","הכובשים/החלוצים","5","1.485","6.09","32.56554","34.94172","לא ניתן להשוואה — קו 5 מתחיל/מסיים את מסלולו באחת התחנות (תחנת-קצה), ולכן אינו מסדרון-מעבר תקף: הוא עושה משם קפיצה ישירה קצרה, בעוד הקו הנבדק עשוי לבצע לולאת-שירות לגיטימית באמצע מסלולו. אין בסיס להשוואת מרחקים."
"אמיתי","90","אגד","detour","רופין/קניאל","רבי עקיבא/ליאון בלום","98","1.406","2.79","32.79944","35.00202","המסלול מתקדם ואז חוזר 151 מ' לאחור על צירו (לולאה/הלוך-חזור) בין ""רופין/קניאל"" ל-""רבי עקיבא/ליאון בלום"", בעוד קו 98 עובר ישר — נסיעה כפולה על אותו כביש, עיקוף אמיתי. המדידה מתחילה מתחנת-התקלה, ללא תלות בכיוון-ההגעה הקודם."
"אמיתי","30","דן בדרום","detour","קרית חינוך מרחבים","צומת רנן","130","1.365","2.51","31.31659","34.59675","המסלול מתקדם ואז חוזר 358 מ' לאחור על צירו (לולאה/הלוך-חזור) בין ""קרית חינוך מרחבים"" ל-""צומת רנן"", בעוד קו 130 עובר ישר — נסיעה כפולה על אותו כביש, עיקוף אמיתי. המדידה מתחילה מתחנת-התקלה, ללא תלות בכיוון-ההגעה הקודם."
"אמיתי","411","אלקטרה אפיקים תחבורה","detour","'מיצד ב","פני קדם","364","1.339","2.69","31.58958","35.1893","הקו סוטה הצידה עד 566 מ' מהקו הישר (מול ~246 מ' בקו 364) — בליטה ייחודית, עיקוף אמיתי."
"אמיתי","18","מועצה אזורית גולן","detour","אזור תעשייה בני יהודה","אזור תעשייה בני יהודה","24","1.242","1.92","32.80163","35.71606","המסלול מתקדם ואז חוזר 238 מ' לאחור על צירו (לולאה/הלוך-חזור) בין ""אזור תעשייה בני יהודה"" ל-""אזור תעשייה בני יהודה"", בעוד קו 24 עובר ישר — נסיעה כפולה על אותו כביש, עיקוף אמיתי. המדידה מתחילה מתחנת-התקלה, ללא תלות בכיוון-ההגעה הקודם."
"אמיתי","140","מטרופולין","detour","אשלים מרכז","צומת אשלים","44","1.211","2.42","30.9633","34.70088","המסלול מתקדם ואז חוזר 576 מ' לאחור על צירו (לולאה/הלוך-חזור) בין ""אשלים מרכז"" ל-""צומת אשלים"", בעוד קו 44 עובר ישר — נסיעה כפולה על אותו כביש, עיקוף אמיתי. המדידה מתחילה מתחנת-התקלה, ללא תלות בכיוון-ההגעה הקודם."
"אמיתי","62","אגד","detour","הכובשים/החלוצים","הכובשים/החיטה","5","1.183","2.83","32.56627","34.94461","הקו סוטה הצידה עד 540 מ' מהקו הישר (מול ~10 מ' בקו 5) — בליטה ייחודית, עיקוף אמיתי."
"אמיתי","36","מטרופולין","detour","צומת משאבים","קיבוץ משאבי שדה","45","1.1","1.54","31.01056","34.78095","סטייה של 1.1 ק""מ במקטע אחד מול קו 45 (יחס פי 1.54) — מסלול עוקף ממשי, עיקוף אמיתי."
"אמיתי","18","מועצה אזורית גולן","detour","אזור תעשייה בני יהודה","אזור תעשייה בני יהודה","19","1.084","1.79","32.80163","35.71606","המסלול מתקדם ואז חוזר 237 מ' לאחור על צירו (לולאה/הלוך-חזור) בין ""אזור תעשייה בני יהודה"" ל-""אזור תעשייה בני יהודה"", בעוד קו 19 עובר ישר — נסיעה כפולה על אותו כביש, עיקוף אמיתי. המדידה מתחילה מתחנת-התקלה, ללא תלות בכיוון-ההגעה הקודם."
"אמיתי","52","אגד","detour","שדרות בן גוריון/בית ספר החורש","שדרות בן גוריון/הכרכום","3","1.021","2.48","32.58263","34.95104","סטייה של 1.0 ק""מ במקטע אחד מול קו 3 (יחס פי 2.48) — מסלול עוקף ממשי, עיקוף אמיתי."
"אמיתי","784","אקסטרה ירושלים","detour","שפע חיים/שדרות גולדה מאיר","הרטום/שדרות גולדה מאיר","54","0.987","6.16","31.79877","35.21328","הקו סוטה הצידה עד 460 מ' מהקו הישר (מול ~2 מ' בקו 54) — בליטה ייחודית, עיקוף אמיתי."
"אמיתי","18","תנופה","detour","אלקנה/שכונה צפונית","שיר השירים/גינת האגוז","20","0.961","1.48","32.11825","35.03897","סטייה של 1.0 ק""מ במקטע אחד מול קו 20 (יחס פי 1.48) — מסלול עוקף ממשי, עיקוף אמיתי."
"לא ניתן להשוואה","93","אגד","detour","צופית/חסידה","חוחית/צופית","701","0.948","7.03","32.56388","34.96299","לא ניתן להשוואה — כיווניות מנוגדת: קו 701 מגיע לתחנה המשותפת מצד מנוגד (הפרש וקטור הגעה 122° > 90°). הקווים על צירי נסיעה הפוכים — אין בסיס להשוואת מרחקים."
"אמיתי","882","סופרבוס","detour","הסינמטק/דרך חברון","דרך חברון/מרים החשמונאית","232","0.943","1.77","31.7706","35.2255","הקו סוטה הצידה עד 513 מ' מהקו הישר (מול ~120 מ' בקו 232) — בליטה ייחודית, עיקוף אמיתי."
"אמיתי","73","ש.א.מ","detour","גלעד/דרך הגליל","אזור תעשיה ב","76","0.935","1.94","32.7012","35.33066","המסלול מתקדם ואז חוזר 219 מ' לאחור על צירו (לולאה/הלוך-חזור) בין ""גלעד/דרך הגליל"" ל-""אזור תעשיה ב"", בעוד קו 76 עובר ישר — נסיעה כפולה על אותו כביש, עיקוף אמיתי. המדידה מתחילה מתחנת-התקלה, ללא תלות בכיוון-ההגעה הקודם."
"אמיתי","63","אגד","detour","כנפי נשרים/ברק","גאולים/כנפי נשרים","1","0.903","6.22","32.56047","34.96412","סטייה של 0.9 ק""מ במקטע אחד מול קו 1 (יחס פי 6.22) — מסלול עוקף ממשי, עיקוף אמיתי."
"אמיתי","70","אגד","detour","כנפי נשרים/ברק","גאולים/כנפי נשרים","1","0.903","6.22","32.56047","34.96412","סטייה של 0.9 ק""מ במקטע אחד מול קו 1 (יחס פי 6.22) — מסלול עוקף ממשי, עיקוף אמיתי."
"לא ניתן להשוואה","50","נתיב אקספרס","detour","מסעף אלקוש","מסעף אלקוש צפון","40","0.874","1.41","33.02327","35.32708","לא ניתן להשוואה — כיווניות מנוגדת: קו 40 מגיע לתחנה המשותפת מצד מנוגד (הפרש וקטור הגעה 110° > 90°). הקווים על צירי נסיעה הפוכים — אין בסיס להשוואת מרחקים."
"אמיתי","547","אגד","detour","הצבעוני/הרותם","הרותם/החרצית","56","0.874","3.76","31.78908","34.64973","סטייה של 0.9 ק""מ במקטע אחד מול קו 56 (יחס פי 3.76) — מסלול עוקף ממשי, עיקוף אמיתי."
"אמיתי","50","נתיב אקספרס","detour","מסעף אלקוש","צומת אלקוש","40","0.867","1.78","33.0373","35.32553","הקו סוטה הצידה עד 782 מ' מהקו הישר (מול ~260 מ' בקו 40) — בליטה ייחודית, עיקוף אמיתי."
"לא ניתן להשוואה","441","דן בדרום","detour","חפץ חיים/מלון כפרי","כביש 3933/האלה","356","0.851","2.45","31.7909","34.79745","לא ניתן להשוואה — כיווניות מנוגדת: קו 356 מגיע לתחנה המשותפת מצד מנוגד (הפרש וקטור הגעה 114° > 90°). הקווים על צירי נסיעה הפוכים — אין בסיס להשוואת מרחקים."
"לא ניתן להשוואה","59","קווים","detour","רש''י/גני ילדים","רש''י/ראב''ד","2","0.847","6.34","31.93091","35.04989","לא ניתן להשוואה — כיווניות מנוגדת: קו 2 מגיע לתחנה המשותפת מצד מנוגד (הפרש וקטור הגעה 153° > 90°). הקווים על צירי נסיעה הפוכים — אין בסיס להשוואת מרחקים."
"אמיתי","113","קווים","detour","ערער/עמק דותן","תלתן/עמק איילון","153","0.842","2.71","31.8992","35.00973","הקו סוטה הצידה עד 400 מ' מהקו הישר (מול ~92 מ' בקו 153) — בליטה ייחודית, עיקוף אמיתי."
"לא ניתן להשוואה","356","סופרבוס","detour","מעלה יצחק/הרב פינחס מילר","בי''ס יודפת/דליה","74","0.837","2.24","32.72875","35.34118","לא ניתן להשוואה — קו 74 מתחיל/מסיים את מסלולו באחת התחנות (תחנת-קצה), ולכן אינו מסדרון-מעבר תקף: הוא עושה משם קפיצה ישירה קצרה, בעוד הקו הנבדק עשוי לבצע לולאת-שירות לגיטימית באמצע מסלולו. אין בסיס להשוואת מרחקים."
"לא ניתן להשוואה","356","סופרבוס","detour","מעלה יצחק/הרב פינחס מילר","בי''ס יודפת/דליה","74","0.837","2.24","32.72875","35.34118","לא ניתן להשוואה — קו 74 מתחיל/מסיים את מסלולו באחת התחנות (תחנת-קצה), ולכן אינו מסדרון-מעבר תקף: הוא עושה משם קפיצה ישירה קצרה, בעוד הקו הנבדק עשוי לבצע לולאת-שירות לגיטימית באמצע מסלולו. אין בסיס להשוואת מרחקים."
"אמיתי","93","אגד","detour","כנפי נשרים/ברק","גאולים/כנפי נשרים","1","0.794","5.59","32.56047","34.96412","סטייה של 0.8 ק""מ במקטע אחד מול קו 1 (יחס פי 5.59) — מסלול עוקף ממשי, עיקוף אמיתי."
"לא ניתן להשוואה","60","אגד","detour","ספרייה/הדגן","דרך שרה/קדמה","5","0.775","2.17","32.56948","34.95541","לא ניתן להשוואה — כיוון נסיעה הפוך: קו 5 עובר בין ""ספרייה/הדגן"" ל-""דרך שרה/קדמה"" בכיוון הפוך לזה של הקו הנבדק (B→A). ייתכן שהוא נוסע על רחובות חד-סטריים אחרים, ואורכו אינו מוכיח שקיים מסלול קצר יותר בכיוון הנבדק — אין בסיס להשוואת מרחקים."
"אמיתי","51","דן בדרום","detour","אלי סיני/קטיף","ירושלים/נתיביון","325","0.765","1.47","31.41305","34.57523","הקו סוטה הצידה עד 533 מ' מהקו הישר (מול ~129 מ' בקו 325) — בליטה ייחודית, עיקוף אמיתי."
"לא ניתן להשוואה","76","אגד","detour","מלל/יערי","צה''ל/חבצלת","296","0.75","1.36","32.77959","35.01403","לא ניתן להשוואה — כיווניות מנוגדת: קו 296 מגיע לתחנה המשותפת מצד מנוגד (הפרש וקטור הגעה 110° > 90°). הקווים על צירי נסיעה הפוכים — אין בסיס להשוואת מרחקים."
"אמיתי","6","דן בדרום","detour","נווה דקלים/כפר דרום","גני טל/נווה דקלים","4","0.745","3.96","31.41677","34.5701","המסלול מתקדם ואז חוזר 159 מ' לאחור על צירו (לולאה/הלוך-חזור) בין ""נווה דקלים/כפר דרום"" ל-""גני טל/נווה דקלים"", בעוד קו 4 עובר ישר — נסיעה כפולה על אותו כביש, עיקוף אמיתי. המדידה מתחילה מתחנת-התקלה, ללא תלות בכיוון-ההגעה הקודם."
"אמיתי","64","מטרופולין","detour","צומת משאבים","צומת משאבי שדה","65","0.718","1.97","31.01056","34.78095","המסלול מתקדם ואז חוזר 358 מ' לאחור על צירו (לולאה/הלוך-חזור) בין ""צומת משאבים"" ל-""צומת משאבי שדה"", בעוד קו 65 עובר ישר — נסיעה כפולה על אותו כביש, עיקוף אמיתי. המדידה מתחילה מתחנת-התקלה, ללא תלות בכיוון-ההגעה הקודם."
"ספק","97","אגד","detour","בז/איה","בז/איה","1","0.694","2.99","32.90225","35.28864","הקו הנבדק מגיע לתחנה ""בז/איה"" מתחנה קודמת (דרך השלום/שקנאי) שונה מזו של קו 1 (שחף/נשר). במקטע קצר זו אינה השוואה נקייה — ייתכן שהסטייה נובעת ממסלול גישה שונה ולא מעיקוף ודאי. נדרשת בדיקה אנושית."
"לא ניתן להשוואה","96","סופרבוס","detour","כיכר הגיבורים/היסמין","בית ספר אורנים/לילך","97","0.692","3.43","32.65897","35.10943","לא ניתן להשוואה — קו 97 מתחיל/מסיים את מסלולו באחת התחנות (תחנת-קצה), ולכן אינו מסדרון-מעבר תקף: הוא עושה משם קפיצה ישירה קצרה, בעוד הקו הנבדק עשוי לבצע לולאת-שירות לגיטימית באמצע מסלולו. אין בסיס להשוואת מרחקים."
"אמיתי","614","מטרופולין","detour","עזרא/דמשק אליעזר","עזרא/שלמה המלך","292","0.683","2.36","32.07656","34.83618","המסלול מתקדם ואז חוזר 199 מ' לאחור על צירו (לולאה/הלוך-חזור) בין ""עזרא/דמשק אליעזר"" ל-""עזרא/שלמה המלך"", בעוד קו 292 עובר ישר — נסיעה כפולה על אותו כביש, עיקוף אמיתי. המדידה מתחילה מתחנת-התקלה, ללא תלות בכיוון-ההגעה הקודם."
"לא ניתן להשוואה","102","אגד","detour","עליאש","ת. מרכזית ירושלים/יפו","262","0.679","1.41","31.7823","35.21554","לא ניתן להשוואה — סדר תחנות שונה: קו 262 עובר דרך 2 תחנת/ות ביניים נוספת/ות בין ""עליאש"" ל-""ת. מרכזית ירושלים/יפו"" (A→…→B), בעוד הקו הנבדק עובר ישירות. זו בחירת תכנון מסלול, לא עיקוף — אין משמעות ליחס-מרחקים."
"לא ניתן להשוואה","4","סופרבוס","detour","קרן היסוד/ששת הימים","ששת הימים/הנשיאים","15","0.675","4.61","32.67191","35.24359","לא ניתן להשוואה — קו 15 מתחיל/מסיים את מסלולו באחת התחנות (תחנת-קצה), ולכן אינו מסדרון-מעבר תקף: הוא עושה משם קפיצה ישירה קצרה, בעוד הקו הנבדק עשוי לבצע לולאת-שירות לגיטימית באמצע מסלולו. אין בסיס להשוואת מרחקים."
"לא ניתן להשוואה","62","אגד","detour","נילי/קדש","הכובשים/הגדעונים","60","0.67","1.76","32.57156","34.94657","לא ניתן להשוואה — סדר תחנות שונה: קו 60 עובר דרך 2 תחנת/ות ביניים נוספת/ות בין ""נילי/קדש"" ל-""הכובשים/הגדעונים"" (A→…→B), בעוד הקו הנבדק עובר ישירות. זו בחירת תכנון מסלול, לא עיקוף — אין משמעות ליחס-מרחקים."
"לא ניתן להשוואה","19","קווים","detour","האלה/תל צור","העצמאות/הפטל","16","0.614","2.16","32.27548","34.89197","לא ניתן להשוואה — קו 16 מתחיל/מסיים את מסלולו באחת התחנות (תחנת-קצה), ולכן אינו מסדרון-מעבר תקף: הוא עושה משם קפיצה ישירה קצרה, בעוד הקו הנבדק עשוי לבצע לולאת-שירות לגיטימית באמצע מסלולו. אין בסיס להשוואת מרחקים."
"לא ניתן להשוואה","19","קווים","detour","האלה/תל צור","העצמאות/הפטל","16","0.614","2.16","32.27548","34.89197","לא ניתן להשוואה — קו 16 מתחיל/מסיים את מסלולו באחת התחנות (תחנת-קצה), ולכן אינו מסדרון-מעבר תקף: הוא עושה משם קפיצה ישירה קצרה, בעוד הקו הנבדק עשוי לבצע לולאת-שירות לגיטימית באמצע מסלולו. אין בסיס להשוואת מרחקים."
"לא ניתן להשוואה","63","אגד","detour","ספרייה/הדגן","דרך שרה/קדמה","5","0.596","1.9","32.56948","34.95541","לא ניתן להשוואה — כיווניות מנוגדת: קו 5 מגיע לתחנה המשותפת מצד מנוגד (הפרש וקטור הגעה 169° > 90°). הקווים על צירי נסיעה הפוכים — אין בסיס להשוואת מרחקים."
"לא ניתן להשוואה","74","אגד","detour","אבן גבירול/שד' רוקח","מסוף רדינג/הורדה","418","0.549","1.9","32.09938","34.78277","לא ניתן להשוואה — כיוון נסיעה הפוך: קו 418 עובר בין ""אבן גבירול/שד' רוקח"" ל-""מסוף רדינג/הורדה"" בכיוון הפוך לזה של הקו הנבדק (B→A). ייתכן שהוא נוסע על רחובות חד-סטריים אחרים, ואורכו אינו מוכיח שקיים מסלול קצר יותר בכיוון הנבדק — אין בסיס להשוואת מרחקים."
"לא ניתן להשוואה","74","אגד","detour","אבן גבירול/שד' רוקח","מסוף רדינג/הורדה","418","0.549","1.9","32.09938","34.78277","לא ניתן להשוואה — כיוון נסיעה הפוך: קו 418 עובר בין ""אבן גבירול/שד' רוקח"" ל-""מסוף רדינג/הורדה"" בכיוון הפוך לזה של הקו הנבדק (B→A). ייתכן שהוא נוסע על רחובות חד-סטריים אחרים, ואורכו אינו מוכיח שקיים מסלול קצר יותר בכיוון הנבדק — אין בסיס להשוואת מרחקים."
"אמיתי","7","אגד","detour","נשיאי ישראל/פארק אופירה","צה''ל/ספריה עירונית","3","0.526","3.55","32.91328","35.30192","סטייה של 0.5 ק""מ במקטע אחד מול קו 3 (יחס פי 3.55) — מסלול עוקף ממשי, עיקוף אמיתי."
"אמיתי","110","קווים","detour","ת. רכבת מודיעין מרכז","קניון עזריאלי","217","0.519","2","31.90133","35.00498","המסלול מתקדם ואז חוזר 162 מ' לאחור על צירו (לולאה/הלוך-חזור) בין ""ת. רכבת מודיעין מרכז"" ל-""קניון עזריאלי"", בעוד קו 217 עובר ישר — נסיעה כפולה על אותו כביש, עיקוף אמיתי. המדידה מתחילה מתחנת-התקלה, ללא תלות בכיוון-ההגעה הקודם."
"לא ניתן להשוואה","91","נתיב אקספרס","detour","דוד אלעזר/לח''י","מסעף בית העלמין","84","0.494","1.98","32.96366","35.48947","לא ניתן להשוואה — סדר תחנות שונה: קו 84 עובר דרך 1 תחנת/ות ביניים נוספת/ות בין ""דוד אלעזר/לח''י"" ל-""מסעף בית העלמין"" (A→…→B), בעוד הקו הנבדק עובר ישירות. זו בחירת תכנון מסלול, לא עיקוף — אין משמעות ליחס-מרחקים."
"לא ניתן להשוואה","270","אלקטרה אפיקים תחבורה","detour","שמחת עולם/שדרות אביר יעקב","דרך כוכב יעקב/שמחת עולם","143","0.49","3.69","31.87989","35.24439","לא ניתן להשוואה — כיווניות מנוגדת: קו 143 מגיע לתחנה המשותפת מצד מנוגד (הפרש וקטור הגעה 143° > 90°). הקווים על צירי נסיעה הפוכים — אין בסיס להשוואת מרחקים."
"לא ניתן להשוואה","409","אלקטרה אפיקים תחבורה","detour","סובת התאנה","שדרות דוד המלך/התאנה","410","0.478","2.8","31.65163","35.1505","לא ניתן להשוואה — כיווניות מנוגדת: קו 410 מגיע לתחנה המשותפת מצד מנוגד (הפרש וקטור הגעה 140° > 90°). הקווים על צירי נסיעה הפוכים — אין בסיס להשוואת מרחקים."
"אמיתי","17","תנופה","detour","חלמיש/יהלום","אביבים/דגניה","20","0.477","1.7","32.12006","35.02866","הקו נוסע פי 1.70 מקו 20 בין אותן שתי התחנות (אותו ציר כניסה, סטייה 0°) — עיקוף אמיתי."
"אמיתי","17","תנופה","detour","חלמיש/יהלום","אביבים/דגניה","185","0.477","1.7","32.12006","35.02866","הקו נוסע פי 1.70 מקו 185 בין אותן שתי התחנות (אותו ציר כניסה, סטייה 0°) — עיקוף אמיתי."
"לא ניתן להשוואה","18","ש.א.מ","detour","ביר אל-אמיר/אל-פאח'ורה","פארק ביר אל-אמיר","46","0.474","3.3","32.68398","35.28565","לא ניתן להשוואה — כיווניות מנוגדת: קו 46 מגיע לתחנה המשותפת מצד מנוגד (הפרש וקטור הגעה 163° > 90°). הקווים על צירי נסיעה הפוכים — אין בסיס להשוואת מרחקים."
"לא ניתן להשוואה","84","מועצה אזורית גולן","detour","בני יהודה הרחבה","בני יהודה/מתנ''ס","19","0.469","1.39","32.8","35.69177","לא ניתן להשוואה — סדר תחנות שונה: קו 19 עובר דרך 2 תחנת/ות ביניים נוספת/ות בין ""בני יהודה הרחבה"" ל-""בני יהודה/מתנ''ס"" (A→…→B), בעוד הקו הנבדק עובר ישירות. זו בחירת תכנון מסלול, לא עיקוף — אין משמעות ליחס-מרחקים."
"לא ניתן להשוואה","82","אגד","detour","העצמאות/רחבת הסוכנות","בית הספר עמיאסף","83","0.467","2.19","31.06805","35.02963","לא ניתן להשוואה — קו 83 מתחיל/מסיים את מסלולו באחת התחנות (תחנת-קצה), ולכן אינו מסדרון-מעבר תקף: הוא עושה משם קפיצה ישירה קצרה, בעוד הקו הנבדק עשוי לבצע לולאת-שירות לגיטימית באמצע מסלולו. אין בסיס להשוואת מרחקים."
"לא ניתן להשוואה","82א","אגד","detour","העצמאות/רחבת הסוכנות","בית הספר עמיאסף","83","0.467","2.19","31.06805","35.02963","לא ניתן להשוואה — קו 83 מתחיל/מסיים את מסלולו באחת התחנות (תחנת-קצה), ולכן אינו מסדרון-מעבר תקף: הוא עושה משם קפיצה ישירה קצרה, בעוד הקו הנבדק עשוי לבצע לולאת-שירות לגיטימית באמצע מסלולו. אין בסיס להשוואת מרחקים."
"לא ניתן להשוואה","570","מטרופולין","detour","החרמון/המעגל","ששת הימים/קיבוץ גלויות","65","0.462","1.83","32.15748","34.92179","לא ניתן להשוואה — כיווניות מנוגדת: קו 65 מגיע לתחנה המשותפת מצד מנוגד (הפרש וקטור הגעה 123° > 90°). הקווים על צירי נסיעה הפוכים — אין בסיס להשוואת מרחקים."
"אמיתי","4א","אלקטרה אפיקים","detour","הדוגית/הצדף","חטיבת גבעתי/גיבורי החיל","182","0.45","1.76","31.86745","34.73592","הקו סוטה הצידה עד 361 מ' מהקו הישר (מול ~180 מ' בקו 182) — בליטה ייחודית, עיקוף אמיתי."
"אמיתי","7","אגד","detour","פורטק","נשר מרכז קניות","110","0.44","2.03","32.78176","35.03371","המסלול מתקדם ואז חוזר 217 מ' לאחור על צירו (לולאה/הלוך-חזור) בין ""פורטק"" ל-""נשר מרכז קניות"", בעוד קו 110 עובר ישר — נסיעה כפולה על אותו כביש, עיקוף אמיתי. המדידה מתחילה מתחנת-התקלה, ללא תלות בכיוון-ההגעה הקודם."
"אמיתי","332","נסיעות ותיירות","detour","פורטק","נשר מרכז קניות","110","0.44","2.03","32.78176","35.03371","המסלול מתקדם ואז חוזר 217 מ' לאחור על צירו (לולאה/הלוך-חזור) בין ""פורטק"" ל-""נשר מרכז קניות"", בעוד קו 110 עובר ישר — נסיעה כפולה על אותו כביש, עיקוף אמיתי. המדידה מתחילה מתחנת-התקלה, ללא תלות בכיוון-ההגעה הקודם."
"לא ניתן להשוואה","348","סופרבוס","detour","שדרות הבנים/שד' שאול עמור","מסוף מגדל העמק","15","0.413","2.38","32.67824","35.24111","לא ניתן להשוואה — קו 15 מתחיל/מסיים את מסלולו באחת התחנות (תחנת-קצה), ולכן אינו מסדרון-מעבר תקף: הוא עושה משם קפיצה ישירה קצרה, בעוד הקו הנבדק עשוי לבצע לולאת-שירות לגיטימית באמצע מסלולו. אין בסיס להשוואת מרחקים."
"לא ניתן להשוואה","348","סופרבוס","detour","שדרות הבנים/שד' שאול עמור","מסוף מגדל העמק","15","0.413","2.38","32.67824","35.24111","לא ניתן להשוואה — קו 15 מתחיל/מסיים את מסלולו באחת התחנות (תחנת-קצה), ולכן אינו מסדרון-מעבר תקף: הוא עושה משם קפיצה ישירה קצרה, בעוד הקו הנבדק עשוי לבצע לולאת-שירות לגיטימית באמצע מסלולו. אין בסיס להשוואת מרחקים."
"לא ניתן להשוואה","148","אקסטרה","detour","פארק תעשיות","עירייה","143","0.41","1.38","32.28571","34.87252","לא ניתן להשוואה — סדר תחנות שונה: קו 143 עובר דרך 1 תחנת/ות ביניים נוספת/ות בין ""פארק תעשיות"" ל-""עירייה"" (A→…→B), בעוד הקו הנבדק עובר ישירות. זו בחירת תכנון מסלול, לא עיקוף — אין משמעות ליחס-מרחקים."
"לא ניתן להשוואה","4","סופרבוס","detour","סחרוב","ת. מרכזית חוף הכרמל/הורדה","123","0.4","1.85","32.7909","34.95867","לא ניתן להשוואה — קו 123 מתחיל/מסיים את מסלולו באחת התחנות (תחנת-קצה), ולכן אינו מסדרון-מעבר תקף: הוא עושה משם קפיצה ישירה קצרה, בעוד הקו הנבדק עשוי לבצע לולאת-שירות לגיטימית באמצע מסלולו. אין בסיס להשוואת מרחקים."
"לא ניתן להשוואה","940","דן","detour","הרב כהנמן/רבי עקיבא","ביה''ס אהל צביה/בן זומא","939","0.392","1.69","32.08532","34.83971","לא ניתן להשוואה — קו 939 מתחיל/מסיים את מסלולו באחת התחנות (תחנת-קצה), ולכן אינו מסדרון-מעבר תקף: הוא עושה משם קפיצה ישירה קצרה, בעוד הקו הנבדק עשוי לבצע לולאת-שירות לגיטימית באמצע מסלולו. אין בסיס להשוואת מרחקים."
"לא ניתן להשוואה","85","קווים","detour","העליה /שרת","וייצמן/סוקולוב","138","0.381","2.53","32.31597","34.92854","לא ניתן להשוואה — כיווניות מנוגדת: קו 138 מגיע לתחנה המשותפת מצד מנוגד (הפרש וקטור הגעה 130° > 90°). הקווים על צירי נסיעה הפוכים — אין בסיס להשוואת מרחקים."
"לא ניתן להשוואה","130","דן בדרום","detour","צאלים/מרכז הקיבוץ","קבוץ צאלים","14","0.375","1.58","31.20382","34.5346","לא ניתן להשוואה — קו 14 מתחיל/מסיים את מסלולו באחת התחנות (תחנת-קצה), ולכן אינו מסדרון-מעבר תקף: הוא עושה משם קפיצה ישירה קצרה, בעוד הקו הנבדק עשוי לבצע לולאת-שירות לגיטימית באמצע מסלולו. אין בסיס להשוואת מרחקים."
"אמיתי","84","סופרבוס","selfloop","פיק''א/רוטשילד","גולני/המגינים","95","0.375","","32.79254","35.53177","הקו מקיף ~2.13 סיבובים (כיכר/לולאה) בין ""פיק''א/רוטשילד"" ל-""גולני/המגינים"", בעוד קו 95 עובר אותו ב-0.6 ק""מ — סיבוב מיותר, עיקוף אמיתי."
"אמיתי","8","אלקטרה אפיקים","selfloop","שדרות הרצל/עוזי חיטמן","שדרות הציונות/שדרות הרצל","177","0.363","","31.86303","34.72601","הקו מקיף ~1.5 סיבובים (כיכר/לולאה) בין ""שדרות הרצל/עוזי חיטמן"" ל-""שדרות הציונות/שדרות הרצל"", בעוד קו 177 עובר אותו ב-0.3 ק""מ — סיבוב מיותר, עיקוף אמיתי."
"לא ניתן להשוואה","80","מטרופולין","detour","צבר/פלמ''ח","יהודה/המכבים","2","0.361","1.52","31.25398","35.21561","לא ניתן להשוואה — סדר תחנות שונה: קו 2 עובר דרך 1 תחנת/ות ביניים נוספת/ות בין ""צבר/פלמ''ח"" ל-""יהודה/המכבים"" (A→…→B), בעוד הקו הנבדק עובר ישירות. זו בחירת תכנון מסלול, לא עיקוף — אין משמעות ליחס-מרחקים."
"לא ניתן להשוואה","469","אלקטרה אפיקים תחבורה","detour","ויצמן/גבעת שאול","שדרות שז''ר/בנייני האומה","465","0.347","1.48","31.79035","35.19753","לא ניתן להשוואה — קו 465 מתחיל/מסיים את מסלולו באחת התחנות (תחנת-קצה), ולכן אינו מסדרון-מעבר תקף: הוא עושה משם קפיצה ישירה קצרה, בעוד הקו הנבדק עשוי לבצע לולאת-שירות לגיטימית באמצע מסלולו. אין בסיס להשוואת מרחקים."
"לא ניתן להשוואה","24","אגד","detour","צומת תל חי","מכללת תל חי קמפוס מזרחי","10","0.314","1.6","33.23515","35.58012","לא ניתן להשוואה — סדר תחנות שונה: קו 10 עובר דרך 1 תחנת/ות ביניים נוספת/ות בין ""צומת תל חי"" ל-""מכללת תל חי קמפוס מזרחי"" (A→…→B), בעוד הקו הנבדק עובר ישירות. זו בחירת תכנון מסלול, לא עיקוף — אין משמעות ליחס-מרחקים."
"לא ניתן להשוואה","100","אגד","detour","היכל התרבות/זבוטינסקי","הכרמל/הרצל","20","0.313","1.57","31.96267","34.80006","לא ניתן להשוואה — מקטע קצר (0.6 ק""מ) ואין קו שחולק את ציר-הכניסה; מסלולי הגעה שונים לצומת, ההשוואה אינה תקפה."
"אמיתי","361","אלקטרה אפיקים תחבורה","detour","חטמ''ר עציון","מגיני הגוש/כ''ח באייר","371","0.309","1.36","31.64837","35.12358","הקו נוסע פי 1.36 מקו 371 בין אותן שתי התחנות (אותו ציר כניסה, סטייה 0°) — עיקוף אמיתי."
"אמיתי","362","אלקטרה אפיקים תחבורה","detour","חטמ''ר עציון","מגיני הגוש/כ''ח באייר","371","0.309","1.36","31.64837","35.12358","הקו נוסע פי 1.36 מקו 371 בין אותן שתי התחנות (אותו ציר כניסה, סטייה 0°) — עיקוף אמיתי."
"אמיתי","89","אגד","detour","האצ''ל ג","האצל","88","0.306","1.61","33.21901","35.56764","הקו נוסע פי 1.61 מקו 88 בין אותן שתי התחנות (אותו ציר כניסה, סטייה 0°) — עיקוף אמיתי."
"רעש","356","סופרבוס","detour","מתנ''ס הר יונה/יקינטון","יקינטון/ניצן","36","0.303","2.27","32.72485","35.33705","הקו הנבדק נוסע 541 מ' — כמעט בדיוק המרחק האווירי (488 מ') בין התחנות, כלומר מסלול ישיר. אין עיקוף; ה""עודף"" נובע ממדידת קו-הייחוס קצרה מהרגיל."
"רעש","356","סופרבוס","detour","מתנ''ס הר יונה/יקינטון","יקינטון/ניצן","36","0.303","2.27","32.72485","35.33705","הקו הנבדק נוסע 541 מ' — כמעט בדיוק המרחק האווירי (488 מ') בין התחנות, כלומר מסלול ישיר. אין עיקוף; ה""עודף"" נובע ממדידת קו-הייחוס קצרה מהרגיל."
"רעש","340","נסיעות ותיירות","detour","מתנ''ס הר יונה/יקינטון","יקינטון/ניצן","36","0.303","2.27","32.72485","35.33705","הקו הנבדק נוסע 541 מ' — כמעט בדיוק המרחק האווירי (488 מ') בין התחנות, כלומר מסלול ישיר. אין עיקוף; ה""עודף"" נובע ממדידת קו-הייחוס קצרה מהרגיל."
"רעש","2","ש.א.מ","detour","מתנ''ס הר יונה/יקינטון","יקינטון/ניצן","36","0.303","2.27","32.72485","35.33705","הקו הנבדק נוסע 541 מ' — כמעט בדיוק המרחק האווירי (488 מ') בין התחנות, כלומר מסלול ישיר. אין עיקוף; ה""עודף"" נובע ממדידת קו-הייחוס קצרה מהרגיל."
"רעש","16","ש.א.מ","detour","מתנ''ס הר יונה/יקינטון","יקינטון/ניצן","36","0.303","2.27","32.72485","35.33705","הקו הנבדק נוסע 541 מ' — כמעט בדיוק המרחק האווירי (488 מ') בין התחנות, כלומר מסלול ישיר. אין עיקוף; ה""עודף"" נובע ממדידת קו-הייחוס קצרה מהרגיל."
"רעש","826","אגד","detour","מתנ''ס הר יונה/יקינטון","יקינטון/ניצן","36","0.303","2.27","32.72485","35.33705","הקו הנבדק נוסע 541 מ' — כמעט בדיוק המרחק האווירי (488 מ') בין התחנות, כלומר מסלול ישיר. אין עיקוף; ה""עודף"" נובע ממדידת קו-הייחוס קצרה מהרגיל."
"רעש","5","ש.א.מ","detour","מתנ''ס הר יונה/יקינטון","יקינטון/ניצן","36","0.303","2.27","32.72485","35.33705","הקו הנבדק נוסע 541 מ' — כמעט בדיוק המרחק האווירי (488 מ') בין התחנות, כלומר מסלול ישיר. אין עיקוף; ה""עודף"" נובע ממדידת קו-הייחוס קצרה מהרגיל."
"רעש","12","ש.א.מ","detour","מתנ''ס הר יונה/יקינטון","יקינטון/ניצן","36","0.303","2.27","32.72485","35.33705","הקו הנבדק נוסע 541 מ' — כמעט בדיוק המרחק האווירי (488 מ') בין התחנות, כלומר מסלול ישיר. אין עיקוף; ה""עודף"" נובע ממדידת קו-הייחוס קצרה מהרגיל."
"רעש","87","ש.א.מ","detour","מתנ''ס הר יונה/יקינטון","יקינטון/ניצן","36","0.303","2.27","32.72485","35.33705","הקו הנבדק נוסע 541 מ' — כמעט בדיוק המרחק האווירי (488 מ') בין התחנות, כלומר מסלול ישיר. אין עיקוף; ה""עודף"" נובע ממדידת קו-הייחוס קצרה מהרגיל."
"אמיתי","96","מטרופולין","selfloop","השומר/חטיבת יפתח","ז'בוטינסקי/השומר","30","0.297","","32.13679","34.87373","הקו מקיף ~1.22 סיבובים (כיכר/לולאה) בין ""השומר/חטיבת יפתח"" ל-""ז'בוטינסקי/השומר"", בעוד קו 30 עובר אותו ב-0.6 ק""מ — סיבוב מיותר, עיקוף אמיתי."
"לא ניתן להשוואה","5","סופרבוס","detour","דרך חטיבת גולני/האלונים","ששת הימים/הנשיאים","4","0.291","1.64","32.67453","35.24586","לא ניתן להשוואה — קו 4 מתחיל/מסיים את מסלולו באחת התחנות (תחנת-קצה), ולכן אינו מסדרון-מעבר תקף: הוא עושה משם קפיצה ישירה קצרה, בעוד הקו הנבדק עשוי לבצע לולאת-שירות לגיטימית באמצע מסלולו. אין בסיס להשוואת מרחקים."
"אמיתי","4","דן בדרום","selfloop","ת. רכבת שדרות","דרך מנחם בגין/דרך הרב שלום איפרגן","89","0.289","","31.51604","34.58736","הקו מקיף ~1.25 סיבובים (כיכר/לולאה) בין ""ת. רכבת שדרות"" ל-""דרך מנחם בגין/דרך הרב שלום איפרגן"", בעוד קו 89 עובר אותו ב-0.7 ק""מ — סיבוב מיותר, עיקוף אמיתי."
"אמיתי","4א","דן בדרום","selfloop","ת. רכבת שדרות","דרך מנחם בגין/דרך הרב שלום איפרגן","89","0.289","","31.51604","34.58736","הקו מקיף ~1.25 סיבובים (כיכר/לולאה) בין ""ת. רכבת שדרות"" ל-""דרך מנחם בגין/דרך הרב שלום איפרגן"", בעוד קו 89 עובר אותו ב-0.7 ק""מ — סיבוב מיותר, עיקוף אמיתי."
"לא ניתן להשוואה","85","נסיעות ותיירות","detour","ח'אלת אל שריף ב","שכונה דרומית ח","91","0.27","1.59","32.8853","35.40365","לא ניתן להשוואה — סדר תחנות שונה: קו 91 עובר דרך 1 תחנת/ות ביניים נוספת/ות בין ""ח'אלת אל שריף ב"" ל-""שכונה דרומית ח"" (A→…→B), בעוד הקו הנבדק עובר ישירות. זו בחירת תכנון מסלול, לא עיקוף — אין משמעות ליחס-מרחקים."
"לא ניתן להשוואה","72","נסיעות ותיירות","detour","ח'אלת אל שריף ב","שכונה דרומית ח","91","0.269","1.59","32.8853","35.40365","לא ניתן להשוואה — סדר תחנות שונה: קו 91 עובר דרך 1 תחנת/ות ביניים נוספת/ות בין ""ח'אלת אל שריף ב"" ל-""שכונה דרומית ח"" (A→…→B), בעוד הקו הנבדק עובר ישירות. זו בחירת תכנון מסלול, לא עיקוף — אין משמעות ליחס-מרחקים."
"אמיתי","7","אגד","detour","נשר/דוכיפת","דוכיפת/עגור","84","0.268","4.95","32.90236","35.29237","הקו נוסע פי 4.95 מקו 84 בין אותן שתי התחנות (אותו ציר כניסה, סטייה 0°) — עיקוף אמיתי."
"אמיתי","1א","אגד","detour","נשר/דוכיפת","דוכיפת/עגור","84","0.268","4.96","32.90236","35.29237","הקו נוסע פי 4.96 מקו 84 בין אותן שתי התחנות (אותו ציר כניסה, סטייה 0°) — עיקוף אמיתי."
"אמיתי","1","אגד","detour","נשר/דוכיפת","דוכיפת/עגור","84","0.268","4.96","32.90236","35.29237","הקו נוסע פי 4.96 מקו 84 בין אותן שתי התחנות (אותו ציר כניסה, סטייה 0°) — עיקוף אמיתי."
"אמיתי","87","אגד","detour","נשר/דוכיפת","דוכיפת/עגור","84","0.268","4.96","32.90236","35.29237","הקו נוסע פי 4.96 מקו 84 בין אותן שתי התחנות (אותו ציר כניסה, סטייה 0°) — עיקוף אמיתי."
"אמיתי","359","מטרופולין","selfloop","המעפיל/בן גוריון","בן גוריון/בית ספר בן עטר","47","0.261","","31.072","35.03598","הקו מקיף ~3.03 סיבובים (כיכר/לולאה) בין ""המעפיל/בן גוריון"" ל-""בן גוריון/בית ספר בן עטר"", בעוד קו 47 עובר אותו ב-0.3 ק""מ — סיבוב מיותר, עיקוף אמיתי."
"אמיתי","459","מטרופולין","selfloop","המעפיל/בן גוריון","בן גוריון/בית ספר בן עטר","47","0.261","","31.072","35.03598","הקו מקיף ~3.03 סיבובים (כיכר/לולאה) בין ""המעפיל/בן גוריון"" ל-""בן גוריון/בית ספר בן עטר"", בעוד קו 47 עובר אותו ב-0.3 ק""מ — סיבוב מיותר, עיקוף אמיתי."
"לא ניתן להשוואה","320","קווים","detour","חניון תח''צ/שדרות בית הלל","אור החיים/חפץ חיים","220","0.255","1.5","31.93422","35.04903","לא ניתן להשוואה — קו 220 מתחיל/מסיים את מסלולו באחת התחנות (תחנת-קצה), ולכן אינו מסדרון-מעבר תקף: הוא עושה משם קפיצה ישירה קצרה, בעוד הקו הנבדק עשוי לבצע לולאת-שירות לגיטימית באמצע מסלולו. אין בסיס להשוואת מרחקים."
"אמיתי","357","מטרופולין","selfloop","בורנשטיין/הרצל","בורנשטיין/אשר סנקר","359","0.25","","30.9885","34.92503","הקו מקיף ~1.15 סיבובים (כיכר/לולאה) בין ""בורנשטיין/הרצל"" ל-""בורנשטיין/אשר סנקר"", בעוד קו 359 עובר אותו ב-0.1 ק""מ — סיבוב מיותר, עיקוף אמיתי."
"לא ניתן להשוואה","80","אגד","detour","העצמאות/הרצל","בית הספר עמיאסף","84","0.248","1.68","31.06806","35.02946","לא ניתן להשוואה — קו 84 מתחיל/מסיים את מסלולו באחת התחנות (תחנת-קצה), ולכן אינו מסדרון-מעבר תקף: הוא עושה משם קפיצה ישירה קצרה, בעוד הקו הנבדק עשוי לבצע לולאת-שירות לגיטימית באמצע מסלולו. אין בסיס להשוואת מרחקים."
"אמיתי","511","נתיב אקספרס","selfloop","שוק עירוני","אליהו פרומצ'נקו/יעקב לוי","522","0.245","","32.96622","35.49699","הקו מקיף ~1.5 סיבובים (כיכר/לולאה) בין ""שוק עירוני"" ל-""אליהו פרומצ'נקו/יעקב לוי"", בעוד קו 522 עובר אותו ב-0.7 ק""מ — סיבוב מיותר, עיקוף אמיתי."
"אמיתי","1","נתיב אקספרס","selfloop","הפלמ''ח/רביצקי","אליהו פרומצ'נקו/יעקב לוי","85","0.245","","32.96393","35.49553","הקו מקיף ~1.47 סיבובים (כיכר/לולאה) בין ""הפלמ''ח/רביצקי"" ל-""אליהו פרומצ'נקו/יעקב לוי"", בעוד קו 85 עובר אותו ב-0.7 ק""מ — סיבוב מיותר, עיקוף אמיתי."
"אמיתי","15","נתיב אקספרס","selfloop","הפלמ''ח/רביצקי","אליהו פרומצ'נקו/יעקב לוי","85","0.245","","32.96393","35.49553","הקו מקיף ~1.47 סיבובים (כיכר/לולאה) בין ""הפלמ''ח/רביצקי"" ל-""אליהו פרומצ'נקו/יעקב לוי"", בעוד קו 85 עובר אותו ב-0.7 ק""מ — סיבוב מיותר, עיקוף אמיתי."
"אמיתי","283","אלקטרה אפיקים","selfloop","נחל רבה/חט''ב גוונים","דרך מנחם בגין/הפרחים","566","0.245","","32.09895","34.96326","הקו מקיף ~1.5 סיבובים (כיכר/לולאה) בין ""נחל רבה/חט''ב גוונים"" ל-""דרך מנחם בגין/הפרחים"", בעוד קו 566 עובר אותו ב-0.4 ק""מ — סיבוב מיותר, עיקוף אמיתי."
"לא ניתן להשוואה","58","אגד","detour","נחמיה/שדרות יעקב","נחמיה/מלאכי","11","0.244","1.4","31.94935","34.81873","לא ניתן להשוואה — סדר תחנות שונה: קו 11 עובר דרך 1 תחנת/ות ביניים נוספת/ות בין ""נחמיה/שדרות יעקב"" ל-""נחמיה/מלאכי"" (A→…→B), בעוד הקו הנבדק עובר ישירות. זו בחירת תכנון מסלול, לא עיקוף — אין משמעות ליחס-מרחקים."
"לא ניתן להשוואה","59","אגד","detour","נחמיה/שדרות יעקב","נחמיה/מלאכי","11","0.244","1.4","31.94935","34.81873","לא ניתן להשוואה — סדר תחנות שונה: קו 11 עובר דרך 1 תחנת/ות ביניים נוספת/ות בין ""נחמיה/שדרות יעקב"" ל-""נחמיה/מלאכי"" (A→…→B), בעוד הקו הנבדק עובר ישירות. זו בחירת תכנון מסלול, לא עיקוף — אין משמעות ליחס-מרחקים."
"אמיתי","251","נתיב אקספרס","detour","העצמאות/יהושפט","ת.מרכזית עכו/דרך הארבעה","4","0.239","1.62","32.92808","35.07696","הקו נוסע פי 1.62 מקו 4 בין אותן שתי התחנות (אותו ציר כניסה, סטייה 0°) — עיקוף אמיתי."
"אמיתי","78","אלקטרה אפיקים","selfloop","כינרת/נחל קידרון","כינרת/נחל נעמן","324","0.237","","31.78516","34.63413","הקו מקיף ~1.15 סיבובים (כיכר/לולאה) בין ""כינרת/נחל קידרון"" ל-""כינרת/נחל נעמן"", בעוד קו 324 עובר אותו ב-0.3 ק""מ — סיבוב מיותר, עיקוף אמיתי."
"אמיתי","2","אגד","selfloop","ביג כרמיאל/מרכז מסחרי","מעלה כמון/השיש","1","0.227","","32.92665","35.32385","הקו מקיף ~2 סיבובים (כיכר/לולאה) בין ""ביג כרמיאל/מרכז מסחרי"" ל-""מעלה כמון/השיש"", בעוד קו 1 עובר אותו ב-0.5 ק""מ — סיבוב מיותר, עיקוף אמיתי."
"לא ניתן להשוואה","85","נסיעות ותיירות","detour","מע'אר מרכז/806","כנסייה קתולית ג","96","0.221","1.47","32.89083","35.40952","לא ניתן להשוואה — סדר תחנות שונה: קו 96 עובר דרך 1 תחנת/ות ביניים נוספת/ות בין ""מע'אר מרכז/806"" ל-""כנסייה קתולית ג"" (A→…→B), בעוד הקו הנבדק עובר ישירות. זו בחירת תכנון מסלול, לא עיקוף — אין משמעות ליחס-מרחקים."
"אמיתי","804","סופרבוס","detour","בית וגן/שדרות הרצל","בי''ח שערי צדק/בייט","781","0.221","1.36","31.77278","35.18301","הקו נוסע פי 1.36 מקו 781 בין אותן שתי התחנות (אותו ציר כניסה, סטייה 0°) — עיקוף אמיתי."
"אמיתי","750","סופרבוס","detour","בית וגן/שדרות הרצל","בי''ח שערי צדק/בייט","781","0.221","1.36","31.77278","35.18301","הקו נוסע פי 1.36 מקו 781 בין אותן שתי התחנות (אותו ציר כניסה, סטייה 0°) — עיקוף אמיתי."
"אמיתי","551","מטרופולין","detour","ת. רק''ל בלינסון/קניון אבנת","ת.רק''ל שחם/דרך ז'בוטינסקי","66","0.215","1.43","32.09172","34.86587","הקו נוסע פי 1.43 מקו 66 בין אותן שתי התחנות (אותו ציר כניסה, סטייה 0°) — עיקוף אמיתי."
"לא ניתן להשוואה","78","אגד","detour","הפרדס/משמר הגבול","הפרדס/שפק","92","0.208","1.68","32.42659","34.94194","לא ניתן להשוואה — קו 92 מתחיל/מסיים את מסלולו באחת התחנות (תחנת-קצה), ולכן אינו מסדרון-מעבר תקף: הוא עושה משם קפיצה ישירה קצרה, בעוד הקו הנבדק עשוי לבצע לולאת-שירות לגיטימית באמצע מסלולו. אין בסיס להשוואת מרחקים."
"לא ניתן להשוואה","12","אגד","detour","הפרדס/משמר הגבול","הפרדס/שפק","92","0.208","1.68","32.42659","34.94194","לא ניתן להשוואה — קו 92 מתחיל/מסיים את מסלולו באחת התחנות (תחנת-קצה), ולכן אינו מסדרון-מעבר תקף: הוא עושה משם קפיצה ישירה קצרה, בעוד הקו הנבדק עשוי לבצע לולאת-שירות לגיטימית באמצע מסלולו. אין בסיס להשוואת מרחקים."
"לא ניתן להשוואה","16","אגד","detour","הפרדס/משמר הגבול","הפרדס/שפק","92","0.208","1.68","32.42659","34.94194","לא ניתן להשוואה — קו 92 מתחיל/מסיים את מסלולו באחת התחנות (תחנת-קצה), ולכן אינו מסדרון-מעבר תקף: הוא עושה משם קפיצה ישירה קצרה, בעוד הקו הנבדק עשוי לבצע לולאת-שירות לגיטימית באמצע מסלולו. אין בסיס להשוואת מרחקים."
"לא ניתן להשוואה","13א","אגד","detour","הפרדס/משמר הגבול","הפרדס/שפק","92","0.208","1.68","32.42659","34.94194","לא ניתן להשוואה — קו 92 מתחיל/מסיים את מסלולו באחת התחנות (תחנת-קצה), ולכן אינו מסדרון-מעבר תקף: הוא עושה משם קפיצה ישירה קצרה, בעוד הקו הנבדק עשוי לבצע לולאת-שירות לגיטימית באמצע מסלולו. אין בסיס להשוואת מרחקים."
"אמיתי","82","אלקטרה אפיקים תחבורה","selfloop","הצור/דרך קדם","הרכס/הניקרה","481","0.206","","31.77909","35.31391","הקו מקיף ~1.21 סיבובים (כיכר/לולאה) בין ""הצור/דרך קדם"" ל-""הרכס/הניקרה"", בעוד קו 481 עובר אותו ב-0.4 ק""מ — סיבוב מיותר, עיקוף אמיתי."
"אמיתי","56","קווים","selfloop","שאגת אריה 3","חפץ חיים ז","59","0.203","","31.92884","35.04165","הקו מקיף ~1.25 סיבובים (כיכר/לולאה) בין ""שאגת אריה 3"" ל-""חפץ חיים ז"", בעוד קו 59 עובר אותו ב-0.4 ק""מ — סיבוב מיותר, עיקוף אמיתי."
"אמיתי","567","אקסטרה ירושלים","detour","עקיבא אזולאי/גבעת שאול","עקיבא אזולאי/נחום חפצדי","67","0.203","1.43","31.79241","35.19","הקו נוסע פי 1.43 מקו 67 בין אותן שתי התחנות (אותו ציר כניסה, סטייה 0°) — עיקוף אמיתי."
"אמיתי","13","סופרבוס","selfloop","קוממיות/טשרניחובסקי","אבן גבירול/קוממיות","991","0.197","","32.62616","35.32418","הקו מקיף ~1.27 סיבובים (כיכר/לולאה) בין ""קוממיות/טשרניחובסקי"" ל-""אבן גבירול/קוממיות"", בעוד קו 991 עובר אותו ב-0.3 ק""מ — סיבוב מיותר, עיקוף אמיתי."
"אמיתי","13א","סופרבוס","selfloop","קוממיות/טשרניחובסקי","אבן גבירול/קוממיות","991","0.197","","32.62616","35.32418","הקו מקיף ~1.27 סיבובים (כיכר/לולאה) בין ""קוממיות/טשרניחובסקי"" ל-""אבן גבירול/קוממיות"", בעוד קו 991 עובר אותו ב-0.3 ק""מ — סיבוב מיותר, עיקוף אמיתי."
"אמיתי","490","נסיעות ותיירות","selfloop","מסעף תיכון בית ירח לדרום","בית ספר אזורי בית ירח","432","0.194","","32.71444","35.57286","הקו מקיף ~1.23 סיבובים (כיכר/לולאה) בין ""מסעף תיכון בית ירח לדרום"" ל-""בית ספר אזורי בית ירח"", בעוד קו 432 עובר אותו ב-0.2 ק""מ — סיבוב מיותר, עיקוף אמיתי."
"לא ניתן להשוואה","13","אגד","detour","מרפאת זבולון","קריון/יצחק רבין","12","0.184","1.35","32.84521","35.09119","לא ניתן להשוואה — כיווניות מנוגדת: קו 12 מגיע לתחנה המשותפת מצד מנוגד (הפרש וקטור הגעה 128° > 90°). הקווים על צירי נסיעה הפוכים — אין בסיס להשוואת מרחקים."
"אמיתי","852","אגד","selfloop","דרך למרחב/המעלה","יד לבנים/דרך הבנים","3","0.184","","32.47374","34.97016","הקו מקיף ~1.32 סיבובים (כיכר/לולאה) בין ""דרך למרחב/המעלה"" ל-""יד לבנים/דרך הבנים"", בעוד קו 3 עובר אותו ב-0.4 ק""מ — סיבוב מיותר, עיקוף אמיתי."
"אמיתי","98","קווים","detour","שד. בנימין/שלום שבזי","בן צבי/הגר''א","148","0.177","1.36","32.31523","34.85413","הקו נוסע פי 1.36 מקו 148 בין אותן שתי התחנות (אותו ציר כניסה, סטייה 0°) — עיקוף אמיתי."
"אמיתי","605","מטרופולין","detour","שד. בנימין/שלום שבזי","בן צבי/הגר''א","148","0.177","1.36","32.31523","34.85413","הקו נוסע פי 1.36 מקו 148 בין אותן שתי התחנות (אותו ציר כניסה, סטייה 0°) — עיקוף אמיתי."
"אמיתי","604","מטרופולין","detour","שד. בנימין/שלום שבזי","בן צבי/הגר''א","148","0.177","1.36","32.31523","34.85413","הקו נוסע פי 1.36 מקו 148 בין אותן שתי התחנות (אותו ציר כניסה, סטייה 0°) — עיקוף אמיתי."
"אמיתי","619","מטרופולין","detour","שד. בנימין/שלום שבזי","בן צבי/הגר''א","148","0.177","1.36","32.31523","34.85413","הקו נוסע פי 1.36 מקו 148 בין אותן שתי התחנות (אותו ציר כניסה, סטייה 0°) — עיקוף אמיתי."
"אמיתי","149","אקסטרה","detour","שד. בנימין/שלום שבזי","בן צבי/הגר''א","148","0.177","1.36","32.31523","34.85413","הקו נוסע פי 1.36 מקו 148 בין אותן שתי התחנות (אותו ציר כניסה, סטייה 0°) — עיקוף אמיתי."
"אמיתי","16","דן באר שבע","selfloop","ש'ד יעלים / ש''י עגנון","שדרות יעלים/העלייה","9","0.175","","31.25197","34.7784","הקו מקיף ~1.38 סיבובים (כיכר/לולאה) בין ""ש'ד יעלים / ש''י עגנון"" ל-""שדרות יעלים/העלייה"", בעוד קו 9 עובר אותו ב-0.4 ק""מ — סיבוב מיותר, עיקוף אמיתי."
"אמיתי","333","אלקטרה אפיקים","selfloop","שדרות יצחק רבין/שדרות בני ברית","שדרות יצחק רבין/כוכב הדרום","10","0.175","","31.77376","34.63717","הקו מקיף ~1.38 סיבובים (כיכר/לולאה) בין ""שדרות יצחק רבין/שדרות בני ברית"" ל-""שדרות יצחק רבין/כוכב הדרום"", בעוד קו 10 עובר אותו ב-0.4 ק""מ — סיבוב מיותר, עיקוף אמיתי."
"אמיתי","357","מטרופולין","selfloop","המעפיל/בן גוריון","בן גוריון/בית ספר בן עטר","47","0.174","","31.072","35.03598","הקו מקיף ~2.75 סיבובים (כיכר/לולאה) בין ""המעפיל/בן גוריון"" ל-""בן גוריון/בית ספר בן עטר"", בעוד קו 47 עובר אותו ב-0.3 ק""מ — סיבוב מיותר, עיקוף אמיתי."
"ספק","40","אגד","detour","העירייה","הרצל/הלל יפה","41","0.167","1.58","32.81246","34.9976","הקו הנבדק מגיע לתחנה ""העירייה"" מתחנה קודמת (תחנת כרמלית/הנביאים) שונה מזו של קו 41 (הנביאים/אחד העם). במקטע קצר זו אינה השוואה נקייה — ייתכן שהסטייה נובעת ממסלול גישה שונה ולא מעיקוף ודאי. נדרשת בדיקה אנושית."
"אמיתי","27","קווים","detour","מרדכי (מוטה) גור/חטיבת הראל","מרדכי (מוטה) גור/עמק בית שאן","50","0.165","1.66","31.91259","34.9986","הקו נוסע פי 1.66 מקו 50 בין אותן שתי התחנות (אותו ציר כניסה, סטייה 0°) — עיקוף אמיתי."
"אמיתי","410","אלקטרה אפיקים תחבורה","selfloop","הדבש/מבוא ניקנור","דוד המלך/הדבש","411","0.154","","31.68008","35.1621","הקו מקיף ~1.25 סיבובים (כיכר/לולאה) בין ""הדבש/מבוא ניקנור"" ל-""דוד המלך/הדבש"", בעוד קו 411 עובר אותו ב-0.6 ק""מ — סיבוב מיותר, עיקוף אמיתי."
"אמיתי","410","אלקטרה אפיקים תחבורה","selfloop","הדבש/מבוא ניקנור","דוד המלך/הדבש","411","0.154","","31.68008","35.1621","הקו מקיף ~1.25 סיבובים (כיכר/לולאה) בין ""הדבש/מבוא ניקנור"" ל-""דוד המלך/הדבש"", בעוד קו 411 עובר אותו ב-0.6 ק""מ — סיבוב מיותר, עיקוף אמיתי."
"אמיתי","454","אלקטרה אפיקים","selfloop","זכריה הנביא/שדרות האמוראים","אליהו הנביא/זכריה הנביא","474","0.151","","31.7033","34.97546","הקו מקיף ~1.55 סיבובים (כיכר/לולאה) בין ""זכריה הנביא/שדרות האמוראים"" ל-""אליהו הנביא/זכריה הנביא"", בעוד קו 474 עובר אותו ב-0.6 ק""מ — סיבוב מיותר, עיקוף אמיתי."
"אמיתי","424","תנופה","selfloop","זכריה הנביא/שדרות האמוראים","אליהו הנביא/זכריה הנביא","507","0.151","","31.7033","34.97546","הקו מקיף ~1.55 סיבובים (כיכר/לולאה) בין ""זכריה הנביא/שדרות האמוראים"" ל-""אליהו הנביא/זכריה הנביא"", בעוד קו 507 עובר אותו ב-0.6 ק""מ — סיבוב מיותר, עיקוף אמיתי."
"אמיתי","85","אגד","selfloop","הפלמ''ח/חטיבת גבעתי","ההגנה/מבצע מכבי","4","0.15","","32.90558","35.28051","הקו מקיף ~2.75 סיבובים (כיכר/לולאה) בין ""הפלמ''ח/חטיבת גבעתי"" ל-""ההגנה/מבצע מכבי"", בעוד קו 4 עובר אותו ב-0.3 ק""מ — סיבוב מיותר, עיקוף אמיתי."
"לא ניתן להשוואה","600","תנופה","detour","היכל המשפט/אבא אבן","שדרות שז''ר/בנייני האומה","615","0.149","1.43","31.78651","35.20556","לא ניתן להשוואה — קו 615 מתחיל/מסיים את מסלולו באחת התחנות (תחנת-קצה), ולכן אינו מסדרון-מעבר תקף: הוא עושה משם קפיצה ישירה קצרה, בעוד הקו הנבדק עשוי לבצע לולאת-שירות לגיטימית באמצע מסלולו. אין בסיס להשוואת מרחקים."
"לא ניתן להשוואה","43","אלקטרה אפיקים","detour","האלמוגים/בית כנסת","הצדפים/הים","53","0.148","1.55","31.82237","34.86279","לא ניתן להשוואה — קו 53 מתחיל/מסיים את מסלולו באחת התחנות (תחנת-קצה), ולכן אינו מסדרון-מעבר תקף: הוא עושה משם קפיצה ישירה קצרה, בעוד הקו הנבדק עשוי לבצע לולאת-שירות לגיטימית באמצע מסלולו. אין בסיס להשוואת מרחקים."
"אמיתי","444","מטרופולין","selfloop","הרב שלום שבזי/בעל מלאכת שלמה","בית ספר רמב''ם/הרב שלום שבזי","27","0.141","","32.08892","34.9509","הקו מקיף ~1.25 סיבובים (כיכר/לולאה) בין ""הרב שלום שבזי/בעל מלאכת שלמה"" ל-""בית ספר רמב''ם/הרב שלום שבזי"", בעוד קו 27 עובר אותו ב-0.3 ק""מ — סיבוב מיותר, עיקוף אמיתי."
"לא ניתן להשוואה","296","סופרבוס","detour","מסוף אום אל פחם","צומת אום אל פחם","247","0.14","1.37","32.53174","35.14974","לא ניתן להשוואה — קו 247 מתחיל/מסיים את מסלולו באחת התחנות (תחנת-קצה), ולכן אינו מסדרון-מעבר תקף: הוא עושה משם קפיצה ישירה קצרה, בעוד הקו הנבדק עשוי לבצע לולאת-שירות לגיטימית באמצע מסלולו. אין בסיס להשוואת מרחקים."
"לא ניתן להשוואה","246","סופרבוס","detour","מסוף אום אל פחם","צומת אום אל פחם","247","0.14","1.37","32.53174","35.14974","לא ניתן להשוואה — קו 247 מתחיל/מסיים את מסלולו באחת התחנות (תחנת-קצה), ולכן אינו מסדרון-מעבר תקף: הוא עושה משם קפיצה ישירה קצרה, בעוד הקו הנבדק עשוי לבצע לולאת-שירות לגיטימית באמצע מסלולו. אין בסיס להשוואת מרחקים."
"אמיתי","359","מטרופולין","selfloop","גולדה מאיר/המעפיל","סטרומה/טיילת ספורט","47","0.136","","31.07227","35.03193","הקו מקיף ~1.18 סיבובים (כיכר/לולאה) בין ""גולדה מאיר/המעפיל"" ל-""סטרומה/טיילת ספורט"", בעוד קו 47 עובר אותו ב-0.5 ק""מ — סיבוב מיותר, עיקוף אמיתי."
"אמיתי","459","מטרופולין","selfloop","גולדה מאיר/המעפיל","סטרומה/טיילת ספורט","47","0.136","","31.07227","35.03193","הקו מקיף ~1.18 סיבובים (כיכר/לולאה) בין ""גולדה מאיר/המעפיל"" ל-""סטרומה/טיילת ספורט"", בעוד קו 47 עובר אותו ב-0.5 ק""מ — סיבוב מיותר, עיקוף אמיתי."
"אמיתי","220","קווים","detour","נתיבות המשפט/סמינר","גן ילדים/נתיבות המשפט","56","0.135","1.61","31.92884","35.03898","הקו נוסע פי 1.61 מקו 56 בין אותן שתי התחנות (אותו ציר כניסה) — עיקוף אמיתי."
"אמיתי","845","אגד","detour","הרב פרדס/מאיר בלבן","שדרות נווה יעקב/ראובן גמזון","790","0.132","1.39","31.845","35.24178","הקו נוסע פי 1.39 מקו 790 בין אותן שתי התחנות (אותו ציר כניסה, סטייה 0°) — עיקוף אמיתי."
"אמיתי","74","מטרופולין","selfloop","משה שרת/משאבים","השיקמים/חודשי השנה","77","0.13","","32.1628","34.89045","הקו מקיף ~1.38 סיבובים (כיכר/לולאה) בין ""משה שרת/משאבים"" ל-""השיקמים/חודשי השנה"", בעוד קו 77 עובר אותו ב-0.5 ק""מ — סיבוב מיותר, עיקוף אמיתי."
"לא ניתן להשוואה","23","קווים","detour","צומת העוגן/כביש 5700","קיבוץ משמר השרון לדרום","26","0.126","1.68","32.35852","34.90683","לא ניתן להשוואה — כיווניות מנוגדת: קו 26 מגיע לתחנה המשותפת מצד מנוגד (הפרש וקטור הגעה 169° > 90°). הקווים על צירי נסיעה הפוכים — אין בסיס להשוואת מרחקים."
"לא ניתן להשוואה","23","קווים","detour","צומת העוגן/כביש 5700","קיבוץ משמר השרון לדרום","26","0.126","1.68","32.35852","34.90683","לא ניתן להשוואה — כיווניות מנוגדת: קו 26 מגיע לתחנה המשותפת מצד מנוגד (הפרש וקטור הגעה 169° > 90°). הקווים על צירי נסיעה הפוכים — אין בסיס להשוואת מרחקים."
"אמיתי","28","אגד","detour","מדעטק/בלפור","בית הקרנות","208","0.126","1.41","32.8098","34.99705","הקו נוסע פי 1.41 מקו 208 בין אותן שתי התחנות (אותו ציר כניסה, סטייה 0°) — עיקוף אמיתי."
"אמיתי","21","אגד","detour","מדעטק/בלפור","בית הקרנות","208","0.126","1.41","32.8098","34.99705","הקו נוסע פי 1.41 מקו 208 בין אותן שתי התחנות (אותו ציר כניסה, סטייה 0°) — עיקוף אמיתי."
"אמיתי","28","אגד","detour","מדעטק/בלפור","בית הקרנות","208","0.126","1.41","32.8098","34.99705","הקו נוסע פי 1.41 מקו 208 בין אותן שתי התחנות (אותו ציר כניסה, סטייה 0°) — עיקוף אמיתי."
"אמיתי","28","אגד","detour","מדעטק/בלפור","בית הקרנות","208","0.126","1.41","32.8098","34.99705","הקו נוסע פי 1.41 מקו 208 בין אותן שתי התחנות (אותו ציר כניסה, סטייה 0°) — עיקוף אמיתי."
"אמיתי","37","אגד","detour","מדעטק/בלפור","בית הקרנות","208","0.126","1.41","32.8098","34.99705","הקו נוסע פי 1.41 מקו 208 בין אותן שתי התחנות (אותו ציר כניסה, סטייה 0°) — עיקוף אמיתי."
"אמיתי","205","אגד","detour","מדעטק/בלפור","בית הקרנות","224","0.126","1.41","32.8098","34.99705","הקו נוסע פי 1.41 מקו 224 בין אותן שתי התחנות (אותו ציר כניסה, סטייה 0°) — עיקוף אמיתי."
"אמיתי","28","אגד","detour","מדעטק/בלפור","בית הקרנות","208","0.126","1.41","32.8098","34.99705","הקו נוסע פי 1.41 מקו 208 בין אותן שתי התחנות (אותו ציר כניסה, סטייה 0°) — עיקוף אמיתי."
"אמיתי","28","אגד","detour","מדעטק/בלפור","בית הקרנות","208","0.126","1.41","32.8098","34.99705","הקו נוסע פי 1.41 מקו 208 בין אותן שתי התחנות (אותו ציר כניסה, סטייה 0°) — עיקוף אמיתי."
"אמיתי","37א","אגד","detour","מדעטק/בלפור","בית הקרנות","224","0.126","1.41","32.8098","34.99705","הקו נוסע פי 1.41 מקו 224 בין אותן שתי התחנות (אותו ציר כניסה, סטייה 0°) — עיקוף אמיתי."
"אמיתי","37א","אגד","detour","מדעטק/בלפור","בית הקרנות","208","0.126","1.41","32.8098","34.99705","הקו נוסע פי 1.41 מקו 208 בין אותן שתי התחנות (אותו ציר כניסה, סטייה 0°) — עיקוף אמיתי."
"אמיתי","80","מטרופולין","selfloop","ירושלים/שמעון","הקנאים/חברון","47","0.124","","31.25954","35.20988","הקו מקיף ~1.63 סיבובים (כיכר/לולאה) בין ""ירושלים/שמעון"" ל-""הקנאים/חברון"", בעוד קו 47 עובר אותו ב-0.4 ק""מ — סיבוב מיותר, עיקוף אמיתי."
"אמיתי","440","תנופה","selfloop","הר השומרון/נחל קנה","צומת רבבה","388","0.123","","32.12128","35.1289","הקו מקיף ~2 סיבובים (כיכר/לולאה) בין ""הר השומרון/נחל קנה"" ל-""צומת רבבה"", בעוד קו 388 עובר אותו ב-0.5 ק""מ — סיבוב מיותר, עיקוף אמיתי."
"אמיתי","46","אגד","detour","שדרות יצחק שמיר/שונית","אריאל שרון/ז'בוטינסקי","44","0.117","1.38","32.76306","34.96415","הקו נוסע פי 1.38 מקו 44 בין אותן שתי התחנות (אותו ציר כניסה, סטייה 0°) — עיקוף אמיתי."
"לא ניתן להשוואה","97","דן בדרום","detour","בן יהודה/עולי הגרדום","שפירא/עמק יזרעאל","1","0.114","1.37","31.64624","34.55683","לא ניתן להשוואה — קו 1 מתחיל/מסיים את מסלולו באחת התחנות (תחנת-קצה), ולכן אינו מסדרון-מעבר תקף: הוא עושה משם קפיצה ישירה קצרה, בעוד הקו הנבדק עשוי לבצע לולאת-שירות לגיטימית באמצע מסלולו. אין בסיס להשוואת מרחקים."
"אמיתי","145","מטרופולין","selfloop","ככר מגדל/עבד אל כרים קאסם","עבד אל כרים קאסם/אל ח'ליל","5א","0.114","","32.11788","34.96868","הקו מקיף ~1.32 סיבובים (כיכר/לולאה) בין ""ככר מגדל/עבד אל כרים קאסם"" ל-""עבד אל כרים קאסם/אל ח'ליל"", בעוד קו 5א עובר אותו ב-0.1 ק""מ — סיבוב מיותר, עיקוף אמיתי."
"אמיתי","145","מטרופולין","selfloop","ככר מגדל/עבד אל כרים קאסם","עבד אל כרים קאסם/אל ח'ליל","5א","0.114","","32.11788","34.96868","הקו מקיף ~1.32 סיבובים (כיכר/לולאה) בין ""ככר מגדל/עבד אל כרים קאסם"" ל-""עבד אל כרים קאסם/אל ח'ליל"", בעוד קו 5א עובר אותו ב-0.1 ק""מ — סיבוב מיותר, עיקוף אמיתי."
"אמיתי","29","דן באר שבע","selfloop","מרכז מסחרי נווה זאב/שדרות יוהנה ז'בוטינסקי","שדרות יוהנה ז'בוטינסקי/קדיש סילמן","14א","0.113","","31.23877","34.7739","הקו מקיף ~1.5 סיבובים (כיכר/לולאה) בין ""מרכז מסחרי נווה זאב/שדרות יוהנה ז'בוטינסקי"" ל-""שדרות יוהנה ז'בוטינסקי/קדיש סילמן"", בעוד קו 14א עובר אותו ב-0.3 ק""מ — סיבוב מיותר, עיקוף אמיתי."
"אמיתי","55","מטרופולין","selfloop","ורדימון/מבצע ברוש","בי''ס שילה","359","0.112","","31.07181","35.02882","הקו מקיף ~1.37 סיבובים (כיכר/לולאה) בין ""ורדימון/מבצע ברוש"" ל-""בי''ס שילה"", בעוד קו 359 עובר אותו ב-0.2 ק""מ — סיבוב מיותר, עיקוף אמיתי."
"אמיתי","58","דן בדרום","selfloop","שד.ים/חי טייב","שדרות וייצמן/ורדימון","54","0.112","","31.42","34.5883","הקו מקיף ~2 סיבובים (כיכר/לולאה) בין ""שד.ים/חי טייב"" ל-""שדרות וייצמן/ורדימון"", בעוד קו 54 עובר אותו ב-0.3 ק""מ — סיבוב מיותר, עיקוף אמיתי."
"אמיתי","1א","אגד","detour","נשיאי ישראל/מורד הגיא","מורד הגיא/משעול הדולב","6","0.111","1.4","32.90808","35.29232","הקו נוסע פי 1.40 מקו 6 בין אותן שתי התחנות (אותו ציר כניסה, סטייה 0°) — עיקוף אמיתי."
"אמיתי","55","מטרופולין","selfloop","שדרות גולדה מאיר/סטרומה","סטרומה/טיילת ספורט","82","0.111","","31.07548","35.03149","הקו מקיף ~2 סיבובים (כיכר/לולאה) בין ""שדרות גולדה מאיר/סטרומה"" ל-""סטרומה/טיילת ספורט"", בעוד קו 82 עובר אותו ב-0.3 ק""מ — סיבוב מיותר, עיקוף אמיתי."
"אמיתי","990","נתיב אקספרס","selfloop","הרב עובדיה יוסף/הרימונים","הרימונים/האלונים","110","0.11","","32.75282","35.10015","הקו מקיף ~1.37 סיבובים (כיכר/לולאה) בין ""הרב עובדיה יוסף/הרימונים"" ל-""הרימונים/האלונים"", בעוד קו 110 עובר אותו ב-0.4 ק""מ — סיבוב מיותר, עיקוף אמיתי."
"אמיתי","86","אקסטרה ירושלים","detour","הקונגרס הציוני/רקאנטי","רקאנטי/בן זאב","64","0.108","1.41","31.81805","35.19363","הקו נוסע פי 1.41 מקו 64 בין אותן שתי התחנות (אותו ציר כניסה, סטייה 0°) — עיקוף אמיתי."
"רעש","234","ירושלים-דרום איחוד","detour","דרך חברון/אסתר המלכה","דרך חברון/ינובסקי","203","0.106","1.41","31.75833","35.22287","הקו הנבדק נוסע 363 מ' — כמעט בדיוק המרחק האווירי (357 מ') בין התחנות, כלומר מסלול ישיר. אין עיקוף; ה""עודף"" נובע ממדידת קו-הייחוס קצרה מהרגיל."
"אמיתי","852","אגד","selfloop","דרך למרחב/המעלה","יד לבנים/דרך הבנים","3","0.106","","32.47374","34.97016","הקו מקיף ~1.5 סיבובים (כיכר/לולאה) בין ""דרך למרחב/המעלה"" ל-""יד לבנים/דרך הבנים"", בעוד קו 3 עובר אותו ב-0.4 ק""מ — סיבוב מיותר, עיקוף אמיתי."
"אמיתי","9","אלקטרה אפיקים","selfloop","דוד המלך/שאול המלך","שלמה המלך/חזקיה המלך","321","0.105","","31.77439","34.64304","הקו מקיף ~1.75 סיבובים (כיכר/לולאה) בין ""דוד המלך/שאול המלך"" ל-""שלמה המלך/חזקיה המלך"", בעוד קו 321 עובר אותו ב-0.4 ק""מ — סיבוב מיותר, עיקוף אמיתי."
"אמיתי","9א","אלקטרה אפיקים","selfloop","דוד המלך/שאול המלך","שלמה המלך/חזקיה המלך","321","0.105","","31.77439","34.64304","הקו מקיף ~1.75 סיבובים (כיכר/לולאה) בין ""דוד המלך/שאול המלך"" ל-""שלמה המלך/חזקיה המלך"", בעוד קו 321 עובר אותו ב-0.4 ק""מ — סיבוב מיותר, עיקוף אמיתי."
"אמיתי","70","מטרופולין","selfloop","מעונות הסטודנטים/שדרות בן גוריון","תחנת רכבת/שדרות דוד בן גוריון","455","0.103","","31.26075","34.80638","הקו מקיף ~1.32 סיבובים (כיכר/לולאה) בין ""מעונות הסטודנטים/שדרות בן גוריון"" ל-""תחנת רכבת/שדרות דוד בן גוריון"", בעוד קו 455 עובר אותו ב-0.3 ק""מ — סיבוב מיותר, עיקוף אמיתי."
"אמיתי","67","מטרופולין","selfloop","מעונות הסטודנטים/שדרות בן גוריון","תחנת רכבת/שדרות דוד בן גוריון","455","0.103","","31.26075","34.80638","הקו מקיף ~1.32 סיבובים (כיכר/לולאה) בין ""מעונות הסטודנטים/שדרות בן גוריון"" ל-""תחנת רכבת/שדרות דוד בן גוריון"", בעוד קו 455 עובר אותו ב-0.3 ק""מ — סיבוב מיותר, עיקוף אמיתי."
"אמיתי","50","מטרופולין","selfloop","מעונות הסטודנטים/שדרות בן גוריון","תחנת רכבת/שדרות דוד בן גוריון","455","0.103","","31.26075","34.80638","הקו מקיף ~1.32 סיבובים (כיכר/לולאה) בין ""מעונות הסטודנטים/שדרות בן גוריון"" ל-""תחנת רכבת/שדרות דוד בן גוריון"", בעוד קו 455 עובר אותו ב-0.3 ק""מ — סיבוב מיותר, עיקוף אמיתי."
"אמיתי","210","אגד","selfloop","פלמח/האצל","פלמח/לחי","15","0.103","","32.85257","35.07373","הקו מקיף ~1.24 סיבובים (כיכר/לולאה) בין ""פלמח/האצל"" ל-""פלמח/לחי"", בעוד קו 15 עובר אותו ב-0.3 ק""מ — סיבוב מיותר, עיקוף אמיתי."
"רעש","124","אלקטרה אפיקים תחבורה","detour","דרך חברון/אסתר המלכה","דרך חברון/ינובסקי","203","0.103","1.4","31.75833","35.22287","הקו הנבדק נוסע 360 מ' — כמעט בדיוק המרחק האווירי (357 מ') בין התחנות, כלומר מסלול ישיר. אין עיקוף; ה""עודף"" נובע ממדידת קו-הייחוס קצרה מהרגיל."
"רעש","125","אלקטרה אפיקים תחבורה","detour","דרך חברון/אסתר המלכה","דרך חברון/ינובסקי","203","0.103","1.4","31.75833","35.22287","הקו הנבדק נוסע 360 מ' — כמעט בדיוק המרחק האווירי (357 מ') בין התחנות, כלומר מסלול ישיר. אין עיקוף; ה""עודף"" נובע ממדידת קו-הייחוס קצרה מהרגיל."
"רעש","232","ירושלים-דרום איחוד","detour","דרך חברון/אסתר המלכה","דרך חברון/ינובסקי","203","0.103","1.4","31.75833","35.22287","הקו הנבדק נוסע 360 מ' — כמעט בדיוק המרחק האווירי (357 מ') בין התחנות, כלומר מסלול ישיר. אין עיקוף; ה""עודף"" נובע ממדידת קו-הייחוס קצרה מהרגיל."
"רעש","30","אגד","detour","דרך חברון/אסתר המלכה","דרך חברון/ינובסקי","203","0.103","1.4","31.75833","35.22287","הקו הנבדק נוסע 360 מ' — כמעט בדיוק המרחק האווירי (357 מ') בין התחנות, כלומר מסלול ישיר. אין עיקוף; ה""עודף"" נובע ממדידת קו-הייחוס קצרה מהרגיל."
"רעש","264","אלקטרה אפיקים תחבורה","detour","דרך חברון/אסתר המלכה","דרך חברון/ינובסקי","203","0.103","1.4","31.75833","35.22287","הקו הנבדק נוסע 360 מ' — כמעט בדיוק המרחק האווירי (357 מ') בין התחנות, כלומר מסלול ישיר. אין עיקוף; ה""עודף"" נובע ממדידת קו-הייחוס קצרה מהרגיל."
"רעש","265","אלקטרה אפיקים תחבורה","detour","דרך חברון/אסתר המלכה","דרך חברון/ינובסקי","203","0.103","1.4","31.75833","35.22287","הקו הנבדק נוסע 360 מ' — כמעט בדיוק המרחק האווירי (357 מ') בין התחנות, כלומר מסלול ישיר. אין עיקוף; ה""עודף"" נובע ממדידת קו-הייחוס קצרה מהרגיל."
"רעש","262","אלקטרה אפיקים תחבורה","detour","דרך חברון/אסתר המלכה","דרך חברון/ינובסקי","203","0.103","1.4","31.75833","35.22287","הקו הנבדק נוסע 360 מ' — כמעט בדיוק המרחק האווירי (357 מ') בין התחנות, כלומר מסלול ישיר. אין עיקוף; ה""עודף"" נובע ממדידת קו-הייחוס קצרה מהרגיל."
"רעש","74","סופרבוס","detour","דרך חברון/אסתר המלכה","דרך חברון/ינובסקי","203","0.103","1.4","31.75833","35.22287","הקו הנבדק נוסע 360 מ' — כמעט בדיוק המרחק האווירי (357 מ') בין התחנות, כלומר מסלול ישיר. אין עיקוף; ה""עודף"" נובע ממדידת קו-הייחוס קצרה מהרגיל."
"רעש","75","סופרבוס","detour","דרך חברון/אסתר המלכה","דרך חברון/ינובסקי","203","0.103","1.4","31.75833","35.22287","הקו הנבדק נוסע 360 מ' — כמעט בדיוק המרחק האווירי (357 מ') בין התחנות, כלומר מסלול ישיר. אין עיקוף; ה""עודף"" נובע ממדידת קו-הייחוס קצרה מהרגיל."
"רעש","163","סופרבוס","detour","דרך חברון/אסתר המלכה","דרך חברון/ינובסקי","203","0.103","1.4","31.75833","35.22287","הקו הנבדק נוסע 360 מ' — כמעט בדיוק המרחק האווירי (357 מ') בין התחנות, כלומר מסלול ישיר. אין עיקוף; ה""עודף"" נובע ממדידת קו-הייחוס קצרה מהרגיל."
"רעש","72","סופרבוס","detour","דרך חברון/אסתר המלכה","דרך חברון/ינובסקי","203","0.103","1.4","31.75833","35.22287","הקו הנבדק נוסע 360 מ' — כמעט בדיוק המרחק האווירי (357 מ') בין התחנות, כלומר מסלול ישיר. אין עיקוף; ה""עודף"" נובע ממדידת קו-הייחוס קצרה מהרגיל."
"רעש","49","סופרבוס","detour","דרך חברון/אסתר המלכה","דרך חברון/ינובסקי","203","0.103","1.4","31.75833","35.22287","הקו הנבדק נוסע 360 מ' — כמעט בדיוק המרחק האווירי (357 מ') בין התחנות, כלומר מסלול ישיר. אין עיקוף; ה""עודף"" נובע ממדידת קו-הייחוס קצרה מהרגיל."
"רעש","239","קווים","detour","דרך חברון/אסתר המלכה","דרך חברון/ינובסקי","203","0.103","1.4","31.75833","35.22287","הקו הנבדק נוסע 360 מ' — כמעט בדיוק המרחק האווירי (357 מ') בין התחנות, כלומר מסלול ישיר. אין עיקוף; ה""עודף"" נובע ממדידת קו-הייחוס קצרה מהרגיל."
"רעש","260","אלקטרה אפיקים תחבורה","detour","דרך חברון/אסתר המלכה","דרך חברון/ינובסקי","203","0.103","1.4","31.75833","35.22287","הקו הנבדק נוסע 360 מ' — כמעט בדיוק המרחק האווירי (357 מ') בין התחנות, כלומר מסלול ישיר. אין עיקוף; ה""עודף"" נובע ממדידת קו-הייחוס קצרה מהרגיל."
"רעש","71","סופרבוס","detour","דרך חברון/אסתר המלכה","דרך חברון/ינובסקי","203","0.103","1.4","31.75833","35.22287","הקו הנבדק נוסע 360 מ' — כמעט בדיוק המרחק האווירי (357 מ') בין התחנות, כלומר מסלול ישיר. אין עיקוף; ה""עודף"" נובע ממדידת קו-הייחוס קצרה מהרגיל."
"אמיתי","84","אגד","selfloop","אל על/נקרות","אורן/אל על","89","0.102","","33.2224","35.59029","הקו מקיף ~2 סיבובים (כיכר/לולאה) בין ""אל על/נקרות"" ל-""אורן/אל על"", בעוד קו 89 עובר אותו ב-0.4 ק""מ — סיבוב מיותר, עיקוף אמיתי."
"אמיתי","36","ש.א.מ","detour","בית ספר נטופה/יקינטון","מעלה יצחק/עין מאהל","34","0.101","1.36","32.72146","35.33718","הקו נוסע פי 1.36 מקו 34 בין אותן שתי התחנות (אותו ציר כניסה, סטייה 0°) — עיקוף אמיתי."
"אמיתי","356","סופרבוס","detour","בית ספר נטופה/יקינטון","מעלה יצחק/עין מאהל","34","0.101","1.36","32.72146","35.33718","הקו נוסע פי 1.36 מקו 34 בין אותן שתי התחנות (אותו ציר כניסה, סטייה 0°) — עיקוף אמיתי."
"אמיתי","356","סופרבוס","detour","בית ספר נטופה/יקינטון","מעלה יצחק/עין מאהל","34","0.101","1.36","32.72146","35.33718","הקו נוסע פי 1.36 מקו 34 בין אותן שתי התחנות (אותו ציר כניסה, סטייה 0°) — עיקוף אמיתי."
"אמיתי","340","נסיעות ותיירות","detour","בית ספר נטופה/יקינטון","מעלה יצחק/עין מאהל","34","0.101","1.36","32.72146","35.33718","הקו נוסע פי 1.36 מקו 34 בין אותן שתי התחנות (אותו ציר כניסה, סטייה 0°) — עיקוף אמיתי."
"אמיתי","2","ש.א.מ","detour","בית ספר נטופה/יקינטון","מעלה יצחק/עין מאהל","34","0.101","1.36","32.72146","35.33718","הקו נוסע פי 1.36 מקו 34 בין אותן שתי התחנות (אותו ציר כניסה, סטייה 0°) — עיקוף אמיתי."
"אמיתי","16","ש.א.מ","detour","בית ספר נטופה/יקינטון","מעלה יצחק/עין מאהל","34","0.101","1.36","32.72146","35.33718","הקו נוסע פי 1.36 מקו 34 בין אותן שתי התחנות (אותו ציר כניסה, סטייה 0°) — עיקוף אמיתי."
"אמיתי","826","אגד","detour","בית ספר נטופה/יקינטון","מעלה יצחק/עין מאהל","34","0.101","1.36","32.72146","35.33718","הקו נוסע פי 1.36 מקו 34 בין אותן שתי התחנות (אותו ציר כניסה, סטייה 0°) — עיקוף אמיתי."
"אמיתי","5","ש.א.מ","detour","בית ספר נטופה/יקינטון","מעלה יצחק/עין מאהל","34","0.101","1.36","32.72146","35.33718","הקו נוסע פי 1.36 מקו 34 בין אותן שתי התחנות (אותו ציר כניסה, סטייה 0°) — עיקוף אמיתי."
"אמיתי","12","ש.א.מ","detour","בית ספר נטופה/יקינטון","מעלה יצחק/עין מאהל","34","0.101","1.36","32.72146","35.33718","הקו נוסע פי 1.36 מקו 34 בין אותן שתי התחנות (אותו ציר כניסה, סטייה 0°) — עיקוף אמיתי."
"אמיתי","87","ש.א.מ","detour","בית ספר נטופה/יקינטון","מעלה יצחק/עין מאהל","34","0.101","1.36","32.72146","35.33718","הקו נוסע פי 1.36 מקו 34 בין אותן שתי התחנות (אותו ציר כניסה, סטייה 0°) — עיקוף אמיתי."
"אמיתי","74","ש.א.מ","detour","בית ספר נטופה/יקינטון","מעלה יצחק/עין מאהל","34","0.101","1.36","32.72146","35.33718","הקו נוסע פי 1.36 מקו 34 בין אותן שתי התחנות (אותו ציר כניסה, סטייה 0°) — עיקוף אמיתי."
"אמיתי","89","קווים","selfloop","שבטי ישראל/יוסף","שבטי ישראל/יהודה","33","0.1","","31.88575","35.0074","הקו מקיף ~1.25 סיבובים (כיכר/לולאה) בין ""שבטי ישראל/יוסף"" ל-""שבטי ישראל/יהודה"", בעוד קו 33 עובר אותו ב-0.2 ק""מ — סיבוב מיותר, עיקוף אמיתי."
"אמיתי","268","אגד","selfloop","מעלה עדי ליאון/נחל מודיעין","מעלה עדי ליאון/שער הכניסה","183","0.1","","31.96623","35.04859","הקו מקיף ~1.25 סיבובים (כיכר/לולאה) בין ""מעלה עדי ליאון/נחל מודיעין"" ל-""מעלה עדי ליאון/שער הכניסה"", בעוד קו 183 עובר אותו ב-0.2 ק""מ — סיבוב מיותר, עיקוף אמיתי."
"אמיתי","72","קווים","selfloop","האתרוג","האתרוג/התפוז","13","0.099","","31.98548","34.94865","הקו מקיף ~1.5 סיבובים (כיכר/לולאה) בין ""האתרוג"" ל-""האתרוג/התפוז"", בעוד קו 13 עובר אותו ב-0.4 ק""מ — סיבוב מיותר, עיקוף אמיתי."
"אמיתי","431","נסיעות ותיירות","selfloop","מנחם אריאב/מעלה עלית","עיריית נוף הגליל/מנחם אריאב","826","0.098","","32.7026","35.31399","הקו מקיף ~1.32 סיבובים (כיכר/לולאה) בין ""מנחם אריאב/מעלה עלית"" ל-""עיריית נוף הגליל/מנחם אריאב"", בעוד קו 826 עובר אותו ב-0.2 ק""מ — סיבוב מיותר, עיקוף אמיתי."
"אמיתי","340","נסיעות ותיירות","selfloop","מנחם אריאב/מעלה עלית","עיריית נוף הגליל/מנחם אריאב","431","0.097","","32.7026","35.31399","הקו מקיף ~1.32 סיבובים (כיכר/לולאה) בין ""מנחם אריאב/מעלה עלית"" ל-""עיריית נוף הגליל/מנחם אריאב"", בעוד קו 431 עובר אותו ב-0.2 ק""מ — סיבוב מיותר, עיקוף אמיתי."
"אמיתי","27","אגד","detour","זבולון/שיבת ציון","זבולון/לילנבלום","23","0.097","1.4","32.80398","35.09442","הקו נוסע פי 1.40 מקו 23 בין אותן שתי התחנות (אותו ציר כניסה, סטייה 0°) — עיקוף אמיתי."
"אמיתי","35","אלקטרה אפיקים","selfloop","בית חולים הרצפלד","בן גוריון/עופרים","40","0.097","","31.80791","34.77794","הקו מקיף ~1.53 סיבובים (כיכר/לולאה) בין ""בית חולים הרצפלד"" ל-""בן גוריון/עופרים"", בעוד קו 40 עובר אותו ב-0.4 ק""מ — סיבוב מיותר, עיקוף אמיתי."
"אמיתי","503","אגד","selfloop","המשושים/פעמונית","שיאון/טיילת אפק","52","0.094","","32.99344","35.68638","הקו מקיף ~1.5 סיבובים (כיכר/לולאה) בין ""המשושים/פעמונית"" ל-""שיאון/טיילת אפק"", בעוד קו 52 עובר אותו ב-0.5 ק""מ — סיבוב מיותר, עיקוף אמיתי."
"אמיתי","43","מועצה אזורית גולן","selfloop","גילבון/תדהר","זוויתן/טיילת נווה","53","0.093","","32.98891","35.69317","הקו מקיף ~1.25 סיבובים (כיכר/לולאה) בין ""גילבון/תדהר"" ל-""זוויתן/טיילת נווה"", בעוד קו 53 עובר אותו ב-0.3 ק""מ — סיבוב מיותר, עיקוף אמיתי."
"אמיתי","556","אגד","selfloop","שד. מלכי ישראל/רחבת גדעון בן יואש","שד.מלכי ישראל/משעול אהוד בן גרא","557","0.092","","31.61904","34.76174","הקו מקיף ~1.43 סיבובים (כיכר/לולאה) בין ""שד. מלכי ישראל/רחבת גדעון בן יואש"" ל-""שד.מלכי ישראל/משעול אהוד בן גרא"", בעוד קו 557 עובר אותו ב-0.2 ק""מ — סיבוב מיותר, עיקוף אמיתי."
"אמיתי","2","קווים","selfloop","שדות/עומר","שדות/עומר","157","0.092","","31.95635","34.84424","הקו מקיף ~2.13 סיבובים (כיכר/לולאה) בין ""שדות/עומר"" ל-""שדות/עומר"", בעוד קו 157 עובר אותו ב-0.4 ק""מ — סיבוב מיותר, עיקוף אמיתי."
"אמיתי","1","דן בדרום","selfloop","בריסל/רומא","קהילת מילנו/בריסל","4","0.092","","31.52217","34.60533","הקו מקיף ~1.38 סיבובים (כיכר/לולאה) בין ""בריסל/רומא"" ל-""קהילת מילנו/בריסל"", בעוד קו 4 עובר אותו ב-0.2 ק""מ — סיבוב מיותר, עיקוף אמיתי."
"אמיתי","3","נתיב אקספרס","selfloop","200/ארכ'בישוף אל חג'אר","עירייה/תאופיק זיאד","1","0.09","","32.80421","35.17323","הקו מקיף ~1.87 סיבובים (כיכר/לולאה) בין ""200/ארכ'בישוף אל חג'אר"" ל-""עירייה/תאופיק זיאד"", בעוד קו 1 עובר אותו ב-0.2 ק""מ — סיבוב מיותר, עיקוף אמיתי."
"אמיתי","56","קווים","selfloop","שערי תשובה/חזון דוד","נתיבות המשפט/סמינר","281","0.089","","31.92799","35.03818","הקו מקיף ~1.25 סיבובים (כיכר/לולאה) בין ""שערי תשובה/חזון דוד"" ל-""נתיבות המשפט/סמינר"", בעוד קו 281 עובר אותו ב-0.3 ק""מ — סיבוב מיותר, עיקוף אמיתי."
"אמיתי","55","מטרופולין","selfloop","יצחק שדה/האצל","ורדימון/העצמאות","80","0.087","","31.07334","35.02683","הקו מקיף ~2 סיבובים (כיכר/לולאה) בין ""יצחק שדה/האצל"" ל-""ורדימון/העצמאות"", בעוד קו 80 עובר אותו ב-0.3 ק""מ — סיבוב מיותר, עיקוף אמיתי."
"לא ניתן להשוואה","61","נתיב אקספרס","detour","החלוץ/מבצע חירם","החלוץ/יהודה המכבי","64","0.086","1.41","33.02097","35.10859","לא ניתן להשוואה — קו 64 מתחיל/מסיים את מסלולו באחת התחנות (תחנת-קצה), ולכן אינו מסדרון-מעבר תקף: הוא עושה משם קפיצה ישירה קצרה, בעוד הקו הנבדק עשוי לבצע לולאת-שירות לגיטימית באמצע מסלולו. אין בסיס להשוואת מרחקים."
"אמיתי","62א","אלקטרה אפיקים","selfloop","העצמאות/ויצמן","בן גוריון/העצמאות","20","0.086","","32.07482","34.87247","הקו מקיף ~1.43 סיבובים (כיכר/לולאה) בין ""העצמאות/ויצמן"" ל-""בן גוריון/העצמאות"", בעוד קו 20 עובר אותו ב-0.3 ק""מ — סיבוב מיותר, עיקוף אמיתי."
"אמיתי","24","אלקטרה אפיקים תחבורה","selfloop","הצור/דרך קדם","הרכס/הניקרה","481","0.083","","31.77909","35.31391","הקו מקיף ~1.5 סיבובים (כיכר/לולאה) בין ""הצור/דרך קדם"" ל-""הרכס/הניקרה"", בעוד קו 481 עובר אותו ב-0.4 ק""מ — סיבוב מיותר, עיקוף אמיתי."
"אמיתי","85","אגד","selfloop","שדרות נשיאי ישראל/אסיף","עומר/שביל חשון","3","0.082","","32.91232","35.27643","הקו מקיף ~1.7 סיבובים (כיכר/לולאה) בין ""שדרות נשיאי ישראל/אסיף"" ל-""עומר/שביל חשון"", בעוד קו 3 עובר אותו ב-0.3 ק""מ — סיבוב מיותר, עיקוף אמיתי."
"אמיתי","3","נתיב אקספרס","selfloop","א שייח' אמין טריף/רחוב 411","עמותת ולד/411","165","0.081","","32.80801","35.16379","הקו מקיף ~1.28 סיבובים (כיכר/לולאה) בין ""א שייח' אמין טריף/רחוב 411"" ל-""עמותת ולד/411"", בעוד קו 165 עובר אותו ב-0.2 ק""מ — סיבוב מיותר, עיקוף אמיתי."
"אמיתי","55","מטרופולין","selfloop","יצחק שדה/האצל","ורדימון/העצמאות","80","0.081","","31.07334","35.02683","הקו מקיף ~1.75 סיבובים (כיכר/לולאה) בין ""יצחק שדה/האצל"" ל-""ורדימון/העצמאות"", בעוד קו 80 עובר אותו ב-0.3 ק""מ — סיבוב מיותר, עיקוף אמיתי."
"אמיתי","431","נסיעות ותיירות","selfloop","שוק נוף הגליל","שוק נוף הגליל/הציונות","332","0.078","","32.69353","35.30611","הקו מקיף ~1.59 סיבובים (כיכר/לולאה) בין ""שוק נוף הגליל"" ל-""שוק נוף הגליל/הציונות"", בעוד קו 332 עובר אותו ב-0.3 ק""מ — סיבוב מיותר, עיקוף אמיתי."
"לא ניתן להשוואה","58","קווים","detour","חפץ חיים/שדי חמד","חפץ חיים א","54","0.077","1.45","31.93389","35.04621","לא ניתן להשוואה — קו 54 מתחיל/מסיים את מסלולו באחת התחנות (תחנת-קצה), ולכן אינו מסדרון-מעבר תקף: הוא עושה משם קפיצה ישירה קצרה, בעוד הקו הנבדק עשוי לבצע לולאת-שירות לגיטימית באמצע מסלולו. אין בסיס להשוואת מרחקים."
"לא ניתן להשוואה","54","קווים","detour","חפץ חיים/שדי חמד","אור החיים/חפץ חיים","58","0.077","1.39","31.93389","35.04621","לא ניתן להשוואה — קו 58 מתחיל/מסיים את מסלולו באחת התחנות (תחנת-קצה), ולכן אינו מסדרון-מעבר תקף: הוא עושה משם קפיצה ישירה קצרה, בעוד הקו הנבדק עשוי לבצע לולאת-שירות לגיטימית באמצע מסלולו. אין בסיס להשוואת מרחקים."
"לא ניתן להשוואה","59","קווים","detour","חפץ חיים/שדי חמד","חפץ חיים א","54","0.077","1.45","31.93389","35.04621","לא ניתן להשוואה — קו 54 מתחיל/מסיים את מסלולו באחת התחנות (תחנת-קצה), ולכן אינו מסדרון-מעבר תקף: הוא עושה משם קפיצה ישירה קצרה, בעוד הקו הנבדק עשוי לבצע לולאת-שירות לגיטימית באמצע מסלולו. אין בסיס להשוואת מרחקים."
"אמיתי","19","מועצה אזורית גולן","selfloop","יהודיה/יודפת","זוויתן/יהודיה","843","0.077","","32.99401","35.6831","הקו מקיף ~1.7 סיבובים (כיכר/לולאה) בין ""יהודיה/יודפת"" ל-""זוויתן/יהודיה"", בעוד קו 843 עובר אותו ב-0.4 ק""מ — סיבוב מיותר, עיקוף אמיתי."
"אמיתי","3","נתיב אקספרס","selfloop","אלשוהדא/אלרואפ","קונסרבטוריון בית אלמוסיקה","165","0.077","","32.80269","35.16794","הקו מקיף ~1.25 סיבובים (כיכר/לולאה) בין ""אלשוהדא/אלרואפ"" ל-""קונסרבטוריון בית אלמוסיקה"", בעוד קו 165 עובר אותו ב-0.2 ק""מ — סיבוב מיותר, עיקוף אמיתי."
"אמיתי","599","אלקטרה אפיקים","selfloop","שלום צלח/שפיק","עד''ש שפיק/שבט לוי","49","0.077","","32.07489","34.91036","הקו מקיף ~1.88 סיבובים (כיכר/לולאה) בין ""שלום צלח/שפיק"" ל-""עד''ש שפיק/שבט לוי"", בעוד קו 49 עובר אותו ב-0.2 ק""מ — סיבוב מיותר, עיקוף אמיתי."
"אמיתי","459","מטרופולין","selfloop","השלווה/מרחבים","מרחבים/הבעל שם טוב","359","0.075","","31.07442","35.03856","הקו מקיף ~1.68 סיבובים (כיכר/לולאה) בין ""השלווה/מרחבים"" ל-""מרחבים/הבעל שם טוב"", בעוד קו 359 עובר אותו ב-0.3 ק""מ — סיבוב מיותר, עיקוף אמיתי."
"אמיתי","440","נסיעות ותיירות","selfloop","דוד אלעזר/יפה נוף","מסעף בית חולים רבקה זיו","522","0.074","","32.95753","35.49274","הקו מקיף ~1.67 סיבובים (כיכר/לולאה) בין ""דוד אלעזר/יפה נוף"" ל-""מסעף בית חולים רבקה זיו"", בעוד קו 522 עובר אותו ב-0.3 ק""מ — סיבוב מיותר, עיקוף אמיתי."
"אמיתי","12","אקסטרה","selfloop","'יחזקאל/נחום א","נחום/ישעיהו","68","0.074","","32.29981","34.85641","הקו מקיף ~1.82 סיבובים (כיכר/לולאה) בין ""'יחזקאל/נחום א"" ל-""נחום/ישעיהו"", בעוד קו 68 עובר אותו ב-0.3 ק""מ — סיבוב מיותר, עיקוף אמיתי."
"אמיתי","12","אקסטרה","selfloop","'יחזקאל/נחום א","נחום/ישעיהו","68","0.073","","32.29981","34.85641","הקו מקיף ~1.82 סיבובים (כיכר/לולאה) בין ""'יחזקאל/נחום א"" ל-""נחום/ישעיהו"", בעוד קו 68 עובר אותו ב-0.3 ק""מ — סיבוב מיותר, עיקוף אמיתי."
"אמיתי","31","נתיב אקספרס","selfloop","המייסדים/בר יהודה","הרצל/המייסדים","28","0.073","","33.00895","35.09898","הקו מקיף ~1.75 סיבובים (כיכר/לולאה) בין ""המייסדים/בר יהודה"" ל-""הרצל/המייסדים"", בעוד קו 28 עובר אותו ב-0.3 ק""מ — סיבוב מיותר, עיקוף אמיתי."
"אמיתי","5","דן בדרום","selfloop","דובדבן/צאלון","צאלון/אשל","587","0.073","","31.30184","34.61813","הקו מקיף ~1.25 סיבובים (כיכר/לולאה) בין ""דובדבן/צאלון"" ל-""צאלון/אשל"", בעוד קו 587 עובר אותו ב-0.2 ק""מ — סיבוב מיותר, עיקוף אמיתי."
"אמיתי","62","אקסטרה","selfloop","טום לנטוס/ליבר זאב","שדרות לנטוס/יוסף","607","0.073","","32.30114","34.86934","הקו מקיף ~1.25 סיבובים (כיכר/לולאה) בין ""טום לנטוס/ליבר זאב"" ל-""שדרות לנטוס/יוסף"", בעוד קו 607 עובר אותו ב-0.3 ק""מ — סיבוב מיותר, עיקוף אמיתי."
"אמיתי","440","תנופה","selfloop","אבני חפץ כניסה","דרך הרא''ה/יהלום","174","0.072","","32.28269","35.07454","הקו מקיף ~1.38 סיבובים (כיכר/לולאה) בין ""אבני חפץ כניסה"" ל-""דרך הרא''ה/יהלום"", בעוד קו 174 עובר אותו ב-0.3 ק""מ — סיבוב מיותר, עיקוף אמיתי."
"לא ניתן להשוואה","82","נתיב אקספרס","detour","שדרות מ''ג המעפילים/מחלף יפה נוף","מ''ג המעפילים/כלנית","2","0.071","1.37","33.00808","35.28326","לא ניתן להשוואה — מקטע קצר (0.2 ק""מ) ואין קו שחולק את ציר-הכניסה; מסלולי הגעה שונים לצומת, ההשוואה אינה תקפה."
"אמיתי","24","מטרופולין","selfloop","בית ספר תל אל-מלח","מועצה מקומית","20","0.071","","31.24727","35.08862","הקו מקיף ~1.32 סיבובים (כיכר/לולאה) בין ""בית ספר תל אל-מלח"" ל-""מועצה מקומית"", בעוד קו 20 עובר אותו ב-0.3 ק""מ — סיבוב מיותר, עיקוף אמיתי."
"אמיתי","133","קווים","selfloop","מכללת הרמלין/המחקר","הגביש/המחקר","606","0.07","","32.29113","34.86485","הקו מקיף ~1.5 סיבובים (כיכר/לולאה) בין ""מכללת הרמלין/המחקר"" ל-""הגביש/המחקר"", בעוד קו 606 עובר אותו ב-0.3 ק""מ — סיבוב מיותר, עיקוף אמיתי."
"אמיתי","97","אלקטרה אפיקים","selfloop","דרך מנחם בגין/ויינברגר","דרך מנחם בגין/חנה רובינא","292","0.07","","32.07502","34.90525","הקו מקיף ~1.45 סיבובים (כיכר/לולאה) בין ""דרך מנחם בגין/ויינברגר"" ל-""דרך מנחם בגין/חנה רובינא"", בעוד קו 292 עובר אותו ב-0.3 ק""מ — סיבוב מיותר, עיקוף אמיתי."
"אמיתי","64","אלקטרה אפיקים","selfloop","דרך מנחם בגין/ויינברגר","דרך מנחם בגין/חנה רובינא","292","0.07","","32.07502","34.90525","הקו מקיף ~1.45 סיבובים (כיכר/לולאה) בין ""דרך מנחם בגין/ויינברגר"" ל-""דרך מנחם בגין/חנה רובינא"", בעוד קו 292 עובר אותו ב-0.3 ק""מ — סיבוב מיותר, עיקוף אמיתי."
"אמיתי","30","נסיעות ותיירות","detour","עילבון יציאה","צומת עילבון צפון","180","0.07","1.41","32.83802","35.39904","הקו נוסע פי 1.41 מקו 180 בין אותן שתי התחנות (אותו ציר כניסה, סטייה 0°) — עיקוף אמיתי."
"לא ניתן להשוואה","15","קווים","detour","מסוף פוריידיס","פוריידיס 16","171","0.068","2.16","32.60451","34.95279","לא ניתן להשוואה — קו 171 מתחיל/מסיים את מסלולו באחת התחנות (תחנת-קצה), ולכן אינו מסדרון-מעבר תקף: הוא עושה משם קפיצה ישירה קצרה, בעוד הקו הנבדק עשוי לבצע לולאת-שירות לגיטימית באמצע מסלולו. אין בסיס להשוואת מרחקים."
"לא ניתן להשוואה","15","קווים","detour","מסוף פוריידיס","פוריידיס 16","171","0.068","2.16","32.60451","34.95279","לא ניתן להשוואה — קו 171 מתחיל/מסיים את מסלולו באחת התחנות (תחנת-קצה), ולכן אינו מסדרון-מעבר תקף: הוא עושה משם קפיצה ישירה קצרה, בעוד הקו הנבדק עשוי לבצע לולאת-שירות לגיטימית באמצע מסלולו. אין בסיס להשוואת מרחקים."
"לא ניתן להשוואה","15א","קווים","detour","מסוף פוריידיס","פוריידיס 16","171","0.068","2.16","32.60451","34.95279","לא ניתן להשוואה — קו 171 מתחיל/מסיים את מסלולו באחת התחנות (תחנת-קצה), ולכן אינו מסדרון-מעבר תקף: הוא עושה משם קפיצה ישירה קצרה, בעוד הקו הנבדק עשוי לבצע לולאת-שירות לגיטימית באמצע מסלולו. אין בסיס להשוואת מרחקים."
"אמיתי","61","נתיב אקספרס","selfloop","מגרשי הפטנק/שפרינצק","הזמיר/נשר","99","0.066","","33.00338","35.10422","הקו מקיף ~1.5 סיבובים (כיכר/לולאה) בין ""מגרשי הפטנק/שפרינצק"" ל-""הזמיר/נשר"", בעוד קו 99 עובר אותו ב-0.3 ק""מ — סיבוב מיותר, עיקוף אמיתי."
"אמיתי","3","נתיב אקספרס","selfloop","רחוב 240/רחוב 245","אל פואר ה","96","0.065","","32.81184","35.16829","הקו מקיף ~1.43 סיבובים (כיכר/לולאה) בין ""רחוב 240/רחוב 245"" ל-""אל פואר ה"", בעוד קו 96 עובר אותו ב-0.2 ק""מ — סיבוב מיותר, עיקוף אמיתי."
"אמיתי","60","אקסטרה","selfloop","יוסף שפרינצק/יוסף ויתקין","יוסף שפרינצק/הרב מנחם זמבה","606","0.065","","32.31541","34.88614","הקו מקיף ~1.25 סיבובים (כיכר/לולאה) בין ""יוסף שפרינצק/יוסף ויתקין"" ל-""יוסף שפרינצק/הרב מנחם זמבה"", בעוד קו 606 עובר אותו ב-0.3 ק""מ — סיבוב מיותר, עיקוף אמיתי."
"אמיתי","26","אגד","selfloop","הרצל/הבנים","הבנים/אלי כהן","27","0.065","","31.86091","34.82227","הקו מקיף ~1.5 סיבובים (כיכר/לולאה) בין ""הרצל/הבנים"" ל-""הבנים/אלי כהן"", בעוד קו 27 עובר אותו ב-0.2 ק""מ — סיבוב מיותר, עיקוף אמיתי."
"אמיתי","12א","נסיעות ותיירות","selfloop","בי''ס מקיף זרזיר","מועצה מקומית בית זרזיר","14א","0.064","","32.72646","35.22519","הקו מקיף ~1.5 סיבובים (כיכר/לולאה) בין ""בי''ס מקיף זרזיר"" ל-""מועצה מקומית בית זרזיר"", בעוד קו 14א עובר אותו ב-0.2 ק""מ — סיבוב מיותר, עיקוף אמיתי."
"אמיתי","14א","נסיעות ותיירות","selfloop","בי''ס מקיף זרזיר","מועצה מקומית בית זרזיר","12","0.064","","32.72646","35.22519","הקו מקיף ~1.5 סיבובים (כיכר/לולאה) בין ""בי''ס מקיף זרזיר"" ל-""מועצה מקומית בית זרזיר"", בעוד קו 12 עובר אותו ב-0.2 ק""מ — סיבוב מיותר, עיקוף אמיתי."
"לא ניתן להשוואה","49","אגד","detour","אצטדיון טרנר","מכללת קיי/יהודה הלוי","3","0.064","1.4","31.27301","34.7811","לא ניתן להשוואה — קו 3 מתחיל/מסיים את מסלולו באחת התחנות (תחנת-קצה), ולכן אינו מסדרון-מעבר תקף: הוא עושה משם קפיצה ישירה קצרה, בעוד הקו הנבדק עשוי לבצע לולאת-שירות לגיטימית באמצע מסלולו. אין בסיס להשוואת מרחקים."
"לא ניתן להשוואה","7","דן באר שבע","detour","אצטדיון טרנר","מכללת קיי/יהודה הלוי","3","0.064","1.4","31.27301","34.7811","לא ניתן להשוואה — קו 3 מתחיל/מסיים את מסלולו באחת התחנות (תחנת-קצה), ולכן אינו מסדרון-מעבר תקף: הוא עושה משם קפיצה ישירה קצרה, בעוד הקו הנבדק עשוי לבצע לולאת-שירות לגיטימית באמצע מסלולו. אין בסיס להשוואת מרחקים."
"לא ניתן להשוואה","5","קווים","detour","העצמאות/הפטל","הבנים/סמטת הורדים","98","0.063","1.41","32.27865","34.88957","לא ניתן להשוואה — מקטע קצר (0.2 ק""מ) ואין קו שחולק את ציר-הכניסה; מסלולי הגעה שונים לצומת, ההשוואה אינה תקפה."
"אמיתי","80א","אגד","selfloop","ורדיה/נורית","נורית/כליל החורש","92","0.063","","32.79427","34.99371","הקו מקיף ~1.32 סיבובים (כיכר/לולאה) בין ""ורדיה/נורית"" ל-""נורית/כליל החורש"", בעוד קו 92 עובר אותו ב-0.3 ק""מ — סיבוב מיותר, עיקוף אמיתי."
"אמיתי","11א","אגד","selfloop","משמר הגבול/יצחק רבין","ביאליק/תרנ''א","16","0.062","","32.43047","34.92554","הקו מקיף ~1.26 סיבובים (כיכר/לולאה) בין ""משמר הגבול/יצחק רבין"" ל-""ביאליק/תרנ''א"", בעוד קו 16 עובר אותו ב-0.3 ק""מ — סיבוב מיותר, עיקוף אמיתי."
"לא ניתן להשוואה","19","נתיב אקספרס","detour","אבו סנאן/כיכר השלום","רח 120/מינימרקט","305","0.06","1.7","32.95887","35.1684","לא ניתן להשוואה — קו 305 מתחיל/מסיים את מסלולו באחת התחנות (תחנת-קצה), ולכן אינו מסדרון-מעבר תקף: הוא עושה משם קפיצה ישירה קצרה, בעוד הקו הנבדק עשוי לבצע לולאת-שירות לגיטימית באמצע מסלולו. אין בסיס להשוואת מרחקים."
"אמיתי","30","סופרבוס","selfloop","מרפאה","המרפאה","33","0.059","","32.72224","35.43961","הקו מקיף ~1.5 סיבובים (כיכר/לולאה) בין ""מרפאה"" ל-""המרפאה"", בעוד קו 33 עובר אותו ב-0.2 ק""מ — סיבוב מיותר, עיקוף אמיתי."
"אמיתי","81","מטרופולין","selfloop","דוד רמז/יצחק שדה","י.ל. פרץ/שח''ל","19","0.053","","32.16313","34.85439","הקו מקיף ~1.75 סיבובים (כיכר/לולאה) בין ""דוד רמז/יצחק שדה"" ל-""י.ל. פרץ/שח''ל"", בעוד קו 19 עובר אותו ב-0.3 ק""מ — סיבוב מיותר, עיקוף אמיתי."